1,服务最佳,南京,1,鱼四季创作日本料理,江宁金鹰,9.4,9.5,9.4
2,服务最佳,南京,2,旅途中餐吧,大东门,9.3,9.4,9.4
3,服务最佳,南京,3,捞王锅物料理,新街口地区,9.4,9.4,9.4
4,服务最佳,南京,4,新村韩国料理店,珠江路沿线,9.3,9.3,9.4
5,服务最佳,南京,5,雨发生态园酒店,浦口区,9.4,9.4,9.4
6,服务最佳,南京,6,益泉土菜馆,汤山镇,9.2,9.0,9.4
7,服务最佳,南京,7,潮州海鮮粥公館,应天大街/文体路,9.3,9.4,9.4
8,服务最佳,南京,8,857花园咖啡酒吧,湖南路,9.2,9.4,9.4
9,服务最佳,南京,9,御社板前寿司,夫子庙地区,9.3,9.3,9.4
10,服务最佳,南京,10,橘焱胡同烧肉夜食,新街口地区,9.3,9.3,9.4
11,服务最佳,南京,11,韩江道木炭烤肉,新街口地区,9.3,9.3,9.4
12,服务最佳,南京,12,泰果·东南亚餐厅,湖南路,9.3,9.3,9.4
13,服务最佳,南京,13,比萨时光,南大/南师大,9.3,9.3,9.4
14,服务最佳,南京,14,十二楼海鲜,建邺万达,9.3,9.3,9.4
15,服务最佳,南京,15,海岛渔村,夫子庙地区,9.3,9.3,9.4
16,服务最佳,南京,16,大蔬无界,新街口地区,9.2,9.4,9.4
17,服务最佳,南京,17,小伙伴灵魂鱼,升州路/集庆路,9.4,9.3,9.4
18,服务最佳,南京,18,一郎の料理,南大/南师大,9.2,9.2,9.4
19,服务最佳,南京,19,花开如云 熔岩石鱼,玄武区,9.1,9.4,9.4
20,服务最佳,南京,20,走街串巷,新街口地区,9.3,9.2,9.4
21,服务最佳,南京,21,韩聚oppabar,湖南路,9.2,9.3,9.4
22,服务最佳,南京,22,花醉美人锅,秦淮区,9.3,9.3,9.3
23,服务最佳,南京,23,极焱炭火烧肉,新街口地区,9.2,9.3,9.3
24,服务最佳,南京,24,三袋寿司,新街口地区,9.3,9.3,9.3
25,服务最佳,南京,25,小伙子烧烤,铁心桥/三江学院,9.3,9.3,9.3
26,服务最佳,南京,26,煲宫锅物料理,新街口地区,9.3,9.3,9.3
27,服务最佳,南京,27,王品台塑牛排,湖南路,9.2,9.3,9.3
28,服务最佳,南京,28,威廉的太妃糖,三牌楼,9.2,9.3,9.3
29,服务最佳,南京,29,陈记一牛火锅,幕府西路,9.4,9.1,9.3
30,服务最佳,南京,30,筷子兄弟,瑞金路沿线,9.3,9.3,9.3
31,服务最佳,南京,31,三顾冒菜,弘阳广场/新一城,9.3,9.2,9.3
32,服务最佳,南京,32,桜の屋创意日本料理sakura,新街口地区,9.2,9.3,9.3
33,服务最佳,南京,33,意鱼井上精品料理,新街口地区,9.2,9.3,9.3
34,服务最佳,南京,34,冒椒汇,新街口地区,9.3,9.2,9.3
35,服务最佳,南京,35,出云寿司外卖,环宇城,9.3,9.2,9.3
36,服务最佳,南京,36,蔡氏冷串串,新街口地区,9.3,9.2,9.3
37,服务最佳,南京,37,鱼宴料理,莫愁湖/水西门,9.3,9.2,9.3
38,服务最佳,南京,38,伊人锅,新街口地区,9.2,9.3,9.3
39,服务最佳,南京,39,本味鱼皇餐厅,江宁金鹰,9.2,9.2,9.3
40,服务最佳,南京,40,多乐餐厅,湖南路,9.1,9.2,9.3
41,服务最佳,南京,41,昭和伍拾肆,珠江路沿线,9.2,9.2,9.3
42,服务最佳,南京,42,金氏韩国料理,珠江路沿线,9.3,9.3,9.3
43,服务最佳,南京,43,海底捞,珠江路沿线,9.2,9.3,9.3
44,服务最佳,南京,44,烤啦,夫子庙地区,9.2,9.2,9.3
45,服务最佳,南京,45,老虎滩大连海鲜烧烤,建邺万达,9.3,9.2,9.3
46,服务最佳,南京,46,海底捞火锅,东山镇,9.2,9.2,9.3
47,服务最佳,南京,47,璞麟铁板烧,紫荆广场,9.3,9.4,9.3
48,服务最佳,南京,48,王记外婆香冒菜,通济街,9.3,9.3,9.3
49,服务最佳,南京,49,My chicken传统韩国炸鸡,新街口地区,9.3,9.3,9.3
50,服务最佳,南京,50,烦不了串串香,集庆门大街,9.4,9.3,9.3
51,服务最佳,南京,51,西贝莜面村,湖南路,9.2,9.3,9.3
52,服务最佳,南京,52,顺乐土菜馆,汤山镇,9.3,9.1,9.3
53,服务最佳,南京,53,Lucky&Bar,新街口地区,9.2,9.3,9.3
54,服务最佳,南京,54,漫山羊火锅餐厅,弘阳广场/新一城,9.3,9.4,9.3
55,服务最佳,南京,55,千爱创意寿司精致料理,珠江路沿线,9.3,9.2,9.3
56,服务最佳,南京,56,长野料理,仙林大学城,9.2,9.3,9.3
57,服务最佳,南京,57,鲜椒鱼,升州路/集庆路,9.3,9.2,9.3
58,服务最佳,南京,58,晓枫亭,草场门/龙江,9.4,9.2,9.3
59,服务最佳,南京,59,WILD,新街口地区,9.1,9.3,9.3
60,服务最佳,南京,60,清尚料理,新街口地区,9.1,9.1,9.3
61,服务最佳,南京,61,糊世刺身,迈皋桥/和燕路,9.2,9.2,9.3
62,服务最佳,南京,62,金汇大酒店自助餐厅,常府街/长白街,9.2,9.2,9.3
63,服务最佳,南京,63,子非鱼,集庆门大街,9.3,9.2,9.3
64,服务最佳,南京,64,大嘴美蛙鱼头火锅,夫子庙地区,9.3,9.2,9.3
65,服务最佳,南京,65,吉寿司,广成,9.2,9.3,9.3
66,服务最佳,南京,66,刘佬大香蛙馆,升州路/集庆路,9.4,9.2,9.3
67,服务最佳,南京,67,米贩传奇,新街口地区,9.3,9.3,9.3
68,服务最佳,南京,68,九洲石锅鱼（南京总店）,夫子庙地区,9.3,9.2,9.3
69,服务最佳,南京,69,可酷寿司,三牌楼,9.3,9.2,9.3
70,服务最佳,南京,70,小锅当家,弘阳广场/新一城,9.2,9.2,9.3
71,服务最佳,南京,71,饱岛味台湾料理,南大/南师大,9.0,9.2,9.3
72,服务最佳,南京,72,鸿霖多国料理,新街口地区,9.2,9.3,9.3
73,服务最佳,南京,73,松膳日本料理·炭火烤肉,仙林大学城,9.2,9.3,9.3
74,服务最佳,南京,74,文泉记澳门粥面庄,火车站/玄武湖,9.2,9.2,9.3
75,服务最佳,南京,75,木子料理,珠江路沿线,9.2,9.2,9.3
76,服务最佳,南京,76,千鹤家庭日式料理,珠江路沿线,9.1,9.2,9.3
77,服务最佳,南京,77,鲜道寿司,环宇城,9.3,9.3,9.3
78,服务最佳,南京,78,湖滨江鲜,开发区,9.3,9.3,9.3
79,服务最佳,南京,79,第八仙精品烧烤,莫愁湖/水西门,9.3,9.2,9.3
80,服务最佳,南京,80,喵二大阪烧日式料理,新街口地区,9.1,9.3,9.3
81,服务最佳,南京,81,本味鱼皇外卖,百家湖,9.2,9.3,9.3
82,服务最佳,南京,82,小尚轩韩国料理,大厂,9.3,9.2,9.3
83,服务最佳,南京,83,神仙美蛙,新街口地区,9.3,9.1,9.3
84,服务最佳,南京,84,大卫厨房,草场门/龙江,9.2,9.3,9.3
85,服务最佳,南京,85,老爷锅,夫子庙地区,9.1,9.2,9.3
86,服务最佳,南京,86,成都驿站精品冒菜,夫子庙地区,9.2,9.2,9.3
87,服务最佳,南京,87,沐之加州卷寿司专门店,新街口地区,9.2,9.1,9.3
88,服务最佳,南京,88,mia新派餐厅酒吧,草场门/龙江,9.2,9.3,9.3
89,服务最佳,南京,89,柠檬鱼,江浦,9.3,9.3,9.3
90,服务最佳,南京,90,椰林枫雅•东南亚时尚餐厅,珠江路沿线,9.2,9.1,9.3
91,服务最佳,南京,91,川鱼坊时尚活鱼馆,草场门/龙江,9.3,9.2,9.3
92,服务最佳,南京,92,神农牧羊烤全羊,麒麟门,9.3,9.2,9.3
93,服务最佳,南京,93,吉多寿司,凤凰西街,9.3,9.2,9.3
94,服务最佳,南京,94,一品麻辣香锅,金浦购物中心,9.2,9.2,9.3
95,服务最佳,南京,95,小胖子烤螃蟹/小胖子功夫龙虾,珠江路沿线,9.2,9.3,9.3
96,服务最佳,南京,96,chirchir女神炸鸡啤酒,仙林大学城,9.0,9.2,9.3
97,服务最佳,南京,97,LiLi范_韩式部队锅,鼓楼区,9.1,9.1,9.3
98,服务最佳,南京,98,诱色鱼,夫子庙地区,9.2,9.3,9.3
99,服务最佳,南京,99,严厨老坛酸菜鱼,建邺万达,9.1,9.2,9.3
100,服务最佳,南京,100,壹条鱼,秦虹村/中华门,9.3,9.2,9.3
101,服务最佳,南京,101,糊世刺身,新街口地区,9.3,9.3,9.3
102,服务最佳,南京,102,九陌火锅,同曦/瑞都商业圈,9.1,9.2,9.3
103,服务最佳,南京,103,一鼎鲜.海货工场,建邺万达,9.2,9.2,9.3
104,服务最佳,南京,104,玩吧韩国料理,秦淮区,9.3,9.1,9.3
105,服务最佳,南京,105,维金•水乡馆,开发区,9.2,9.3,9.3
106,服务最佳,南京,106,川帮火锅香锅骨头煲,建邺万达,9.1,9.2,9.3
107,服务最佳,南京,107,新战点比萨,瑞金路沿线,9.3,9.2,9.3
108,服务最佳,南京,108,柏烤堂烧烤,新街口地区,9.3,9.4,9.3
109,服务最佳,南京,109,鱼锅锅泉水活鱼火锅,江宁万达,9.2,9.3,9.3
110,服务最佳,南京,110,疆情饭店,玄武区,9.2,9.3,9.3
111,服务最佳,南京,111,紫滇源云南生态菜,珠江路沿线,9.2,9.1,9.3
112,服务最佳,南京,112,麻辣盛艳,马群街道,9.2,9.2,9.3
113,服务最佳,南京,113,瓦晒川菜,湖南路,9.1,9.2,9.3
114,服务最佳,南京,114,爱尚鱼,托乐嘉,9.2,9.1,9.3
115,服务最佳,南京,115,佬土鹅肠火锅,升州路/集庆路,9.2,9.3,9.3
116,服务最佳,南京,116,鱼客,新街口地区,9.3,9.1,9.3
117,服务最佳,南京,117,那丝家的店,玄武区,9.2,9.2,9.3
118,服务最佳,南京,118,萬福 日本料理 活蟹 火锅,新街口地区,9.2,9.1,9.3
119,服务最佳,南京,119,猫山王,迈皋桥/和燕路,9.2,9.2,9.3
120,服务最佳,南京,120,蒸汽食代•云南蒸汽石锅鱼,瑞金路沿线,9.2,9.2,9.3
121,服务最佳,南京,121,睿扬农府私房土菜馆,汤山镇,9.3,9.2,9.3
122,服务最佳,南京,122,川禾刺身,瑞金路沿线,9.2,9.3,9.3
123,服务最佳,南京,123,敏珠拉姆藏式主题餐厅,草场门/龙江,9.1,9.3,9.3
124,服务最佳,南京,124,龙灯会捞鱼客,夫子庙地区,9.2,9.2,9.3
125,服务最佳,南京,125,吉宗刺身,新街口地区,9.2,9.2,9.3
126,服务最佳,南京,126,Jimmy's Sports Bar & Restaurant吉米体育西餐厅,新街口地区,9.1,9.2,9.3
127,服务最佳,南京,127,大渝火锅,安德门/小行,9.3,9.3,9.3
128,服务最佳,南京,128,萬鱼藏创作日本料理,新街口地区,9.2,9.3,9.3
129,服务最佳,南京,129,清真巴旺烧烤,应天大街/文体路,9.3,9.2,9.3
130,服务最佳,南京,130,青龙山庄酒店,东山镇,9.3,9.3,9.3
131,服务最佳,南京,131,贝紫Style手机西点主题吧,珠江路沿线,9.3,9.3,9.3
132,服务最佳,南京,132,这家鱼&鱼羊鲜,新街口地区,9.1,9.2,9.3
133,服务最佳,南京,133,羊大鲜蝎子王大个子龙虾,东山镇,9.3,9.1,9.3
134,服务最佳,南京,134,N多寿司,通济街,9.2,9.3,9.3
135,服务最佳,南京,135,芙蓉树下·冒菜,建邺万达,9.2,9.1,9.3
136,服务最佳,南京,136,多喜渔市日本料理,珠江路沿线,9.2,9.3,9.3
137,服务最佳,南京,137,源氏刺身,同曦/瑞都商业圈,9.1,9.1,9.3
138,服务最佳,南京,138,茶客老站,新街口地区,9.1,9.3,9.3
139,服务最佳,南京,139,秦府上座客,汤山镇,9.1,9.2,9.3
140,服务最佳,南京,140,小厨娘淮扬菜,东山镇,9.3,9.3,9.3
141,服务最佳,南京,141,和膳日式料理,仙鹤门新天地广场,9.2,9.2,9.3
142,服务最佳,南京,142,重庆夜猫子,新街口地区,9.3,9.2,9.3
143,服务最佳,南京,143,威雀地中海餐厅酒吧 VIE CHAT,火车站/玄武湖,9.1,9.2,9.3
144,服务最佳,南京,144,車战干锅主题餐厅,江宁万达,9.1,9.2,9.3
145,服务最佳,南京,145,飞碟鱼,高淳区,9.3,9.3,9.3
146,服务最佳,南京,146,江宴鱼虾跳,麒麟门,9.3,9.3,9.3
147,服务最佳,南京,147,王子牛蛙火锅,新街口地区,9.2,9.2,9.3
148,服务最佳,南京,148,活跳ヘ海怪基海鲜火锅,建邺万达,9.2,9.1,9.3
149,服务最佳,南京,149,KISS CAKE私家甜品定制,江宁万达,9.2,9.2,9.3
150,服务最佳,南京,150,GODDESS AURORA 女神欧罗拉,草场门/龙江,9.2,9.3,9.3
151,服务最佳,南京,151,千禧家,新街口地区,9.2,9.2,9.3
152,服务最佳,南京,152,壹號鱼馆,建邺万达,9.3,9.2,9.2
153,服务最佳,南京,153,过锅瘾三汁焖锅,迈皋桥/和燕路,9.1,9.2,9.2
154,服务最佳,南京,154,普艾斯餐厅酒吧 POETS Restaurant & Lounge,新街口地区,9.2,9.3,9.2
155,服务最佳,南京,155,琉璃餐厅,湖南路,9.1,9.3,9.2
156,服务最佳,南京,156,福口大锅台,建宁路,9.2,9.1,9.2
157,服务最佳,南京,157,老锅底,凤凰西街,9.1,9.2,9.2
158,服务最佳,南京,158,万达希尔顿夜泰美泰国餐厅(原万达希尔顿粤轩泰国餐厅),建邺万达,9.1,9.3,9.2
159,服务最佳,南京,159,辣尚仙时尚焖锅,奥体中心,9.1,9.2,9.2
160,服务最佳,南京,160,金年任韩国料理,步行街,9.2,9.2,9.2
161,服务最佳,南京,161,REDCAP红帽子披萨河西万达旗舰店,建邺万达,9.1,9.1,9.2
162,服务最佳,南京,162,麒麟料理,建邺万达,9.2,9.3,9.2
163,服务最佳,南京,163,鱼尚渔,新街口地区,9.1,9.2,9.2
164,服务最佳,南京,164,斗牛士,同曦/瑞都商业圈,9.1,9.2,9.2
165,服务最佳,南京,165,重庆好滋味河鲜馆,凤凰西街,9.1,9.0,9.2
166,服务最佳,南京,166,麦部落,草场门/龙江,9.2,9.2,9.2
167,服务最佳,南京,167,Brownstone Tapas & Lounge,南大/南师大,9.1,9.3,9.2
168,服务最佳,南京,168,炉鱼,夫子庙地区,9.1,9.2,9.2
169,服务最佳,南京,169,水林间,紫峰购物广场,9.2,9.2,9.2
170,服务最佳,南京,170,Aza Aza!创意芝心年糕料理,三牌楼,9.0,9.2,9.2
171,服务最佳,南京,171,姐妹饭店,珠江路沿线,9.2,9.1,9.2
172,服务最佳,南京,172,博宁蓝餐吧,建邺万达,9.2,9.2,9.2
173,服务最佳,南京,173,君之蕙日式料理,瑞金路沿线,9.2,9.3,9.2
174,服务最佳,南京,174,喜乐日本料理,新街口地区,9.2,9.2,9.2
175,服务最佳,南京,175,57度湘,新街口地区,9.1,9.2,9.2
176,服务最佳,南京,176,争鲜回转寿司,虹悦城,9.2,9.3,9.2
177,服务最佳,南京,177,popeye 80’炸鸡&啤酒主题餐厅,新街口地区,9.2,9.3,9.2
178,服务最佳,南京,178,嘟小白,瑞金路沿线,9.2,9.2,9.2
179,服务最佳,南京,179,遇见咖啡酒吧餐厅,仙林大学城,9.1,9.3,9.2
180,服务最佳,南京,180,致爱餐吧Restaurant Bar,南大/南师大,9.1,9.2,9.2
181,服务最佳,南京,181,碉堡烤鱼,江宁万达,9.1,9.2,9.2
182,服务最佳,南京,182,W.tender Whisky&Cocktail,新街口地区,9.2,9.3,9.2
183,服务最佳,南京,183,正韩道,建邺万达,9.2,9.2,9.2
184,服务最佳,南京,184,润.四季锅物料理,砂之船奥莱,9.1,9.3,9.2
185,服务最佳,南京,185,蟹之诱干锅传奇,莫愁湖/水西门,9.2,9.2,9.2
186,服务最佳,南京,186,human coffee,南大/南师大,9.2,9.2,9.2
187,服务最佳,南京,187,鱼满池,珠江路沿线,9.2,9.2,9.2
188,服务最佳,南京,188,秀贤与恩熙,建邺万达,9.2,9.3,9.2
189,服务最佳,南京,189,S&P,建邺万达,9.2,9.3,9.2
190,服务最佳,南京,190,Mr.Panda,南大/南师大,9.2,9.1,9.2
191,服务最佳,南京,191,江户弁当,东城汇,9.1,9.1,9.2
192,服务最佳,南京,192,渝天下重庆火锅,奥体中心,9.1,9.2,9.2
193,服务最佳,南京,193,夜太美主题餐厅,珠江路沿线,9.1,9.2,9.2
194,服务最佳,南京,194,晋家门,新城市广场,9.2,9.2,9.2
195,服务最佳,南京,195,徐妹串串香,仙鹤门新天地广场,9.2,9.2,9.2
196,服务最佳,南京,196,奇遇西餐厅,鼓楼区,9.2,9.2,9.2
197,服务最佳,南京,197,老妈火锅米线,大厂,9.2,9.2,9.2
198,服务最佳,南京,198,PAPA PASTA大叔意面,新街口地区,9.1,9.2,9.2
199,服务最佳,南京,199,探鱼,弘阳广场/新一城,9.2,9.3,9.2
200,服务最佳,南京,200,百家宴,江宁万达,9.3,9.3,9.2
201,服务最佳,南京,201,啖三花串串香,栖霞区,9.2,9.2,9.2
202,服务最佳,南京,202,大川园火锅冒菜,大厂,9.3,9.2,9.2
203,服务最佳,南京,203,Chicken Bow,南大/南师大,9.1,9.1,9.2
204,服务最佳,南京,204,酤CockTail,南大/南师大,9.2,9.1,9.2
205,服务最佳,南京,205,仟佰味筒骨世家,新街口地区,9.1,9.1,9.2
206,服务最佳,南京,206,NICE焗,新街口地区,9.2,9.0,9.2
207,服务最佳,南京,207,厨娘天府渔村,莫愁湖/水西门,9.1,9.1,9.2
208,服务最佳,南京,208,EAT.食社餐厅,南大/南师大,9.1,9.3,9.2
209,服务最佳,南京,209,转角日本料理,莫愁湖/水西门,9.2,9.2,9.2
210,服务最佳,南京,210,蜀锦香厕所串串,新街口地区,9.2,9.1,9.2
211,服务最佳,南京,211,小辣江湖漫水货主题餐厅,新街口地区,9.2,9.2,9.2
212,服务最佳,南京,212,马瑟诺休闲西餐厅,升州路/集庆路,9.2,9.3,9.2
213,服务最佳,南京,213,千寻日本料理,夫子庙地区,9.1,9.2,9.2
214,服务最佳,南京,214,O'JAI PIZZA 欧佳披萨,东城汇,9.1,9.1,9.2
215,服务最佳,南京,215,萌炙禾烧,珠江路沿线,9.2,9.2,9.2
216,服务最佳,南京,216,乐面年糕面,鼓楼区,9.1,9.2,9.2
217,服务最佳,南京,217,麻辣盛艳,江宁万达,9.1,9.2,9.2
218,服务最佳,南京,218,乐百丽比萨,铁心桥/三江学院,9.2,9.3,9.2
219,服务最佳,南京,219,索菲特钟山高尔夫酒店·兰亭西餐厅,紫金山/孝陵卫,9.2,9.3,9.2
220,服务最佳,南京,220,冇有猫烤鱼专家,升州路/集庆路,9.3,9.2,9.2
221,服务最佳,南京,221,喵星人咖啡店,莫愁湖/水西门,9.2,9.3,9.2
222,服务最佳,南京,222,利强记,夫子庙地区,9.2,9.2,9.2
223,服务最佳,南京,223,美丽心情休闲餐厅,奥体中心,9.2,9.3,9.2
224,服务最佳,南京,224,鱼铺,珠江路沿线,9.2,9.1,9.2
225,服务最佳,南京,225,渡口 烤肉&石锅饭,老浦口1914,9.2,9.3,9.2
226,服务最佳,南京,226,水之惠料理,新街口地区,9.2,9.2,9.2
227,服务最佳,南京,227,Gelateria d'Orcia 奥尔恰雪糕,夫子庙地区,9.2,9.2,9.2
228,服务最佳,南京,228,湖庭壹品鸭王,湖南路,9.3,9.2,9.2
229,服务最佳,南京,229,L'arôme芳芳法餐厅,新街口地区,9.0,9.2,9.2
230,服务最佳,南京,230,燕遇燕窝餐厅,新街口地区,9.2,9.2,9.2
231,服务最佳,南京,231,闻香阁蜜辣龙虾,新街口地区,9.3,9.2,9.2
232,服务最佳,南京,232,串世家,珠江路沿线,9.2,9.1,9.2
233,服务最佳,南京,233,汉府饭店食潮汇自助餐厅,新街口地区,9.1,9.3,9.2
234,服务最佳,南京,234,潮串堂,大厂十村,9.2,9.3,9.2
235,服务最佳,南京,235,巴适花椒鱼,莫愁湖/水西门,9.2,9.2,9.2
236,服务最佳,南京,236,陈记潮汕卤水馆,珠江路沿线,9.2,9.1,9.2
237,服务最佳,南京,237,一浦小店韩式新派烤肉,秦淮区,9.2,9.2,9.2
238,服务最佳,南京,238,小名堂麻辣料理,新街口地区,9.2,9.2,9.2
239,服务最佳,南京,239,溜达刺身,夫子庙地区,9.2,9.2,9.2
240,服务最佳,南京,240,愛果梦,仙林大学城,9.2,9.2,9.2
241,服务最佳,南京,241,南国苑,新街口地区,9.1,9.3,9.2
242,服务最佳,南京,242,烤肉革命,新街口地区,9.1,9.3,9.2
243,服务最佳,南京,243,齐味家肥牛海鲜火锅,秦虹村/中华门,9.3,9.3,9.2
244,服务最佳,南京,244,香木香羊烤全羊,江宁区,9.2,9.2,9.2
245,服务最佳,南京,245,糊世刺身,义乌小商品城,9.1,9.1,9.2
246,服务最佳,南京,246,金陵江滨酒店餐厅,奥体中心,9.1,9.3,9.2
247,服务最佳,南京,247,茗一味臻茶馆,三牌楼,9.2,9.2,9.2
248,服务最佳,南京,248,蚝情烤吧,夫子庙地区,9.2,9.0,9.2
249,服务最佳,南京,249,富贵炙,珠江路沿线,9.1,9.1,9.2
250,服务最佳,南京,250,Time's cafe,仙林大学城,8.9,9.2,9.2
251,服务最佳,南京,251,三禾创作日本料理,新街口地区,9.1,9.1,9.2
252,服务最佳,南京,252,吉兆日本料理,学则路,9.0,9.2,9.2
253,服务最佳,南京,253,拉亚汉堡经典餐厅,江宁万达,9.2,9.3,9.2
254,服务最佳,南京,254,蒙太牛正宗潮汕牛肉火锅,升州路/集庆路,9.2,9.2,9.2
255,服务最佳,南京,255,楼兰新疆主题餐厅,新街口地区,9.2,9.3,9.2
256,服务最佳,南京,256,神坐料理,新街口地区,9.2,9.0,9.2
257,服务最佳,南京,257,疯味小吃,建邺万达,9.1,9.1,9.2
258,服务最佳,南京,258,赤粉刘( 赤·PHO文刂）特色米粉馆,新街口地区,9.1,9.3,9.2
259,服务最佳,南京,259,厨娘.CN,新街口地区,9.2,9.2,9.2
260,服务最佳,南京,260,观月小屋,晓庄彩虹广场,9.1,9.0,9.2
261,服务最佳,南京,261,荷里活,建邺万达,9.1,9.2,9.2
262,服务最佳,南京,262,糊世刺身,夫子庙地区,9.3,9.2,9.2
263,服务最佳,南京,263,花马盛世美式精致料理吧,南大/南师大,9.2,9.3,9.2
264,服务最佳,南京,264,文泉记澳门茶餐厅,珠江路沿线,9.2,9.2,9.2
265,环境最佳,南京,1,鱼四季创作日本料理,江宁金鹰,9.4,9.5,9.4
266,环境最佳,南京,2,旅途中餐吧,大东门,9.3,9.4,9.4
267,环境最佳,南京,3,857花园咖啡酒吧,湖南路,9.2,9.4,9.4
268,环境最佳,南京,4,雨发生态园酒店,浦口区,9.4,9.4,9.4
269,环境最佳,南京,5,璞麟铁板烧,紫荆广场,9.3,9.4,9.3
270,环境最佳,南京,6,花开如云 熔岩石鱼,玄武区,9.1,9.4,9.4
271,环境最佳,南京,7,捞王锅物料理,新街口地区,9.4,9.4,9.4
272,环境最佳,南京,8,钞库街十八号酒店餐厅,夫子庙地区,9.0,9.4,9.1
273,环境最佳,南京,9,大蔬无界,新街口地区,9.2,9.4,9.4
274,环境最佳,南京,10,柏烤堂烧烤,新街口地区,9.3,9.4,9.3
275,环境最佳,南京,11,漫山羊火锅餐厅,弘阳广场/新一城,9.3,9.4,9.3
276,环境最佳,南京,12,潮州海鮮粥公館,应天大街/文体路,9.3,9.4,9.4
277,环境最佳,南京,13,韩聚oppabar,湖南路,9.2,9.3,9.4
278,环境最佳,南京,14,泰果·东南亚餐厅,湖南路,9.3,9.3,9.4
279,环境最佳,南京,15,Double Face宝吉祥音乐啤酒餐吧,草场门/龙江,9.2,9.3,9.2
280,环境最佳,南京,16,韩江道木炭烤肉,新街口地区,9.3,9.3,9.4
281,环境最佳,南京,17,小米鱼市,尧化门,9.2,9.3,9.2
282,环境最佳,南京,18,索菲特钟山高尔夫酒店·兰亭西餐厅,紫金山/孝陵卫,9.2,9.3,9.2
283,环境最佳,南京,19,湖滨江鲜,开发区,9.3,9.3,9.3
284,环境最佳,南京,20,mia新派餐厅酒吧,草场门/龙江,9.2,9.3,9.3
285,环境最佳,南京,21,青龙山庄酒店,东山镇,9.3,9.3,9.3
286,环境最佳,南京,22,遇见咖啡酒吧餐厅,仙林大学城,9.1,9.3,9.2
287,环境最佳,南京,23,御社板前寿司,夫子庙地区,9.3,9.3,9.4
288,环境最佳,南京,24,南京金奥费尔蒙酒店•全日自助餐厅,南京国际博览中心/元通,9.0,9.3,9.1
289,环境最佳,南京,25,EAT.食社餐厅,南大/南师大,9.1,9.3,9.2
290,环境最佳,南京,26,和日本料理铁板烧,东山镇,9.2,9.3,9.2
291,环境最佳,南京,27,筷子兄弟,瑞金路沿线,9.3,9.3,9.3
292,环境最佳,南京,28,WILD,新街口地区,9.1,9.3,9.3
293,环境最佳,南京,29,威廉的太妃糖,三牌楼,9.2,9.3,9.3
294,环境最佳,南京,30,邓丽君音乐主题餐厅,珠江路沿线,9.1,9.3,9.2
295,环境最佳,南京,31,花醉美人锅,秦淮区,9.3,9.3,9.3
296,环境最佳,南京,32,KAMAKAMA COCKTAIL&KITCHEN,新街口地区,9.2,9.3,9.2
297,环境最佳,南京,33,香山湖人家,江浦,9.2,9.3,9.2
298,环境最佳,南京,34,金陵江滨酒店餐厅,奥体中心,9.1,9.3,9.2
299,环境最佳,南京,35,米贩传奇,新街口地区,9.3,9.3,9.3
300,环境最佳,南京,36,煲宫锅物料理,新街口地区,9.3,9.3,9.3
301,环境最佳,南京,37,比萨时光,南大/南师大,9.3,9.3,9.4
302,环境最佳,南京,38,狮王府汤山翠谷生态餐厅,汤山镇,8.8,9.3,8.2
303,环境最佳,南京,39,长野料理,仙林大学城,9.2,9.3,9.3
304,环境最佳,南京,40,小厨娘淮扬菜,东山镇,9.3,9.3,9.3
305,环境最佳,南京,41,大象十方泰式海鲜火锅,草场门/龙江,9.2,9.3,9.2
306,环境最佳,南京,42,争鲜回转寿司,虹悦城,9.2,9.3,9.2
307,环境最佳,南京,43,颐和公馆Le Siècle百年西餐厅,南大/南师大,9.0,9.3,9.2
308,环境最佳,南京,44,伊人锅,新街口地区,9.2,9.3,9.3
309,环境最佳,南京,45,海岛渔村,夫子庙地区,9.3,9.3,9.4
310,环境最佳,南京,46,糊世刺身,建邺万达,9.3,9.3,9.3
311,环境最佳,南京,47,美丽心情休闲餐厅,奥体中心,9.2,9.3,9.2
312,环境最佳,南京,48,乐和餐饮,火车站/玄武湖,9.2,9.3,9.2
313,环境最佳,南京,49,王品台塑牛排,湖南路,9.2,9.3,9.3
314,环境最佳,南京,50,鱼锅锅泉水活鱼火锅,江宁万达,9.2,9.3,9.3
315,环境最佳,南京,51,翠贝卡好莱坞电影主题西餐酒吧,夫子庙地区,9.0,9.3,9.1
316,环境最佳,南京,52,君之蕙日式料理,瑞金路沿线,9.2,9.3,9.2
317,环境最佳,南京,53,三袋寿司,建邺万达,9.3,9.3,9.3
318,环境最佳,南京,54,江户日式料理,湖南路,9.1,9.3,9.1
319,环境最佳,南京,55,麒麟料理,建邺万达,9.2,9.3,9.2
320,环境最佳,南京,56,南国苑,新街口地区,9.1,9.3,9.2
321,环境最佳,南京,57,西贝莜面村,湖南路,9.2,9.3,9.3
322,环境最佳,南京,58,普艾斯餐厅酒吧 POETS Restaurant & Lounge,新街口地区,9.2,9.3,9.2
323,环境最佳,南京,59,大卫厨房,草场门/龙江,9.2,9.3,9.3
324,环境最佳,南京,60,绿地洲际酒店•粤翠轩,鼓楼区,9.0,9.3,9.1
325,环境最佳,南京,61,瓶子餐吧,玄武区,9.1,9.3,9.1
326,环境最佳,南京,62,Lucky&Bar,新街口地区,9.2,9.3,9.3
327,环境最佳,南京,63,十二楼海鲜,建邺万达,9.3,9.3,9.4
328,环境最佳,南京,64,王记外婆香冒菜,通济街,9.3,9.3,9.3
329,环境最佳,南京,65,飞碟鱼,高淳区,9.3,9.3,9.3
330,环境最佳,南京,66,乐百丽比萨,铁心桥/三江学院,9.2,9.3,9.2
331,环境最佳,南京,67,橘焱胡同烧肉夜食,新街口地区,9.3,9.3,9.4
332,环境最佳,南京,68,海底捞,珠江路沿线,9.2,9.3,9.3
333,环境最佳,南京,69,诱色鱼,夫子庙地区,9.2,9.3,9.3
334,环境最佳,南京,70,绿地洲际酒店云端餐厅,紫峰购物广场,8.6,9.3,9.0
335,环境最佳,南京,71,意鱼井上精品料理,新街口地区,9.2,9.3,9.3
336,环境最佳,南京,72,德天肥牛海鲜火锅,大厂,9.2,9.3,9.2
337,环境最佳,南京,73,小胖子烤螃蟹/小胖子功夫龙虾,珠江路沿线,9.2,9.3,9.3
338,环境最佳,南京,74,Brownstone Tapas & Lounge,南大/南师大,9.1,9.3,9.2
339,环境最佳,南京,75,维金•水乡馆,开发区,9.2,9.3,9.3
340,环境最佳,南京,76,江宴鱼虾跳,麒麟门,9.3,9.3,9.3
341,环境最佳,南京,77,茶客老站,新街口地区,9.1,9.3,9.3
342,环境最佳,南京,78,川禾刺身,瑞金路沿线,9.2,9.3,9.3
343,环境最佳,南京,79,MOTU,夫子庙地区,9.2,9.3,9.2
344,环境最佳,南京,80,萬鱼藏创作日本料理,新街口地区,9.2,9.3,9.3
345,环境最佳,南京,81,柠檬鱼,江浦,9.3,9.3,9.3
346,环境最佳,南京,82,绿地洲际酒店地平线全日餐厅,鼓楼区,8.6,9.3,9.1
347,环境最佳,南京,83,风尚·紫荆湾餐厅,新街口地区,9.1,9.3,9.2
348,环境最佳,南京,84,中心大酒店·阁敦湾餐厅,新街口地区,9.1,9.3,9.3
349,环境最佳,南京,85,玄武饭店中餐厅·彩蝶轩,湖南路,9.2,9.3,9.2
350,环境最佳,南京,86,金陵江滨酒店景荟自助餐厅,建邺区,9.1,9.3,9.2
351,环境最佳,南京,87,百家宴,江宁万达,9.3,9.3,9.2
352,环境最佳,南京,88,齐味家肥牛海鲜火锅,秦虹村/中华门,9.3,9.3,9.2
353,环境最佳,南京,89,S&P,建邺万达,9.2,9.3,9.2
354,环境最佳,南京,90,云尚法式西餐厅,新街口地区,8.3,9.3,8.9
355,环境最佳,南京,91,云中捞,新街口地区,8.6,9.3,9.0
356,环境最佳,南京,92,鲜道寿司,环宇城,9.3,9.3,9.3
357,环境最佳,南京,93,My chicken传统韩国炸鸡,新街口地区,9.3,9.3,9.3
358,环境最佳,南京,94,成都娃娃花园餐厅 Garden Restaurant & Lounge,南大/南师大,9.2,9.3,9.2
359,环境最佳,南京,95,潮串堂,大厂十村,9.2,9.3,9.2
360,环境最佳,南京,96,糊世刺身,新街口地区,9.3,9.3,9.3
361,环境最佳,南京,97,小伙子烧烤,铁心桥/三江学院,9.3,9.3,9.3
362,环境最佳,南京,98,南京圣和府邸豪华精选酒店橘暮全日制餐厅,珠江路沿线,8.6,9.3,9.0
363,环境最佳,南京,99,大渝火锅,安德门/小行,9.3,9.3,9.3
364,环境最佳,南京,100,多喜渔市日本料理,珠江路沿线,9.2,9.3,9.3
365,环境最佳,南京,101,金氏韩国料理,珠江路沿线,9.3,9.3,9.3
366,环境最佳,南京,102,马瑟诺休闲西餐厅,升州路/集庆路,9.2,9.3,9.2
367,环境最佳,南京,103,红杏酒家,南大/南师大,9.2,9.3,9.1
368,环境最佳,南京,104,印象民国秘汁焖锅,大厂十村,9.1,9.3,9.2
369,环境最佳,南京,105,渡口 烤肉&石锅饭,老浦口1914,9.2,9.3,9.2
370,环境最佳,南京,106,秀贤与恩熙,建邺万达,9.2,9.3,9.2
371,环境最佳,南京,107,小尾羊温都戈鲜羊肉火锅,草场门/龙江,9.2,9.3,9.2
372,环境最佳,南京,108,润.四季锅物料理,砂之船奥莱,9.1,9.3,9.2
373,环境最佳,南京,109,花马盛世美式精致料理吧,南大/南师大,9.2,9.3,9.2
374,环境最佳,南京,110,James cafe&bar,新街口地区,9.1,9.3,9.2
375,环境最佳,南京,111,汉松亭,草场门/龙江,9.1,9.3,9.2
376,环境最佳,南京,112,桜の屋创意日本料理sakura,新街口地区,9.2,9.3,9.3
377,环境最佳,南京,113,楼兰新疆主题餐厅,新街口地区,9.2,9.3,9.2
378,环境最佳,南京,114,喵星人咖啡店,莫愁湖/水西门,9.2,9.3,9.2
379,环境最佳,南京,115,拉亚汉堡经典餐厅,江宁万达,9.2,9.3,9.2
380,环境最佳,南京,116,鸿霖多国料理,新街口地区,9.2,9.3,9.3
381,环境最佳,南京,117,YES烤鱼 魔鬼鱼,江浦,9.1,9.3,9.2
382,环境最佳,南京,118,晶丽海鲜自助餐厅,紫金山/孝陵卫,9.1,9.3,9.1
383,环境最佳,南京,119,名家川味觀,新街口地区,9.1,9.3,9.1
384,环境最佳,南京,120,敏珠拉姆藏式主题餐厅,草场门/龙江,9.1,9.3,9.3
385,环境最佳,南京,121,烦不了串串香,集庆门大街,9.4,9.3,9.3
386,环境最佳,南京,122,卡贝小镇欢乐烧烤,新街口地区,9.1,9.3,9.2
387,环境最佳,南京,123,清真安乐园各式锅味火锅店,新街口地区,9.2,9.3,9.2
388,环境最佳,南京,124,汉府饭店食潮汇自助餐厅,新街口地区,9.1,9.3,9.2
389,环境最佳,南京,125,吉寿司,广成,9.2,9.3,9.3
390,环境最佳,南京,126,2012茶肆,草场门/龙江,9.1,9.3,9.2
391,环境最佳,南京,127,漕运码头,南大/南师大,9.1,9.3,9.1
392,环境最佳,南京,128,疆情饭店,玄武区,9.2,9.3,9.3
393,环境最佳,南京,129,贝紫Style手机西点主题吧,珠江路沿线,9.3,9.3,9.3
394,环境最佳,南京,130,N多寿司,通济街,9.2,9.3,9.3
395,环境最佳,南京,131,新村韩国料理店,珠江路沿线,9.3,9.3,9.4
396,环境最佳,南京,132,本味鱼皇外卖,百家湖,9.2,9.3,9.3
397,环境最佳,南京,133,松膳日本料理·炭火烤肉,仙林大学城,9.2,9.3,9.3
398,环境最佳,南京,134,小伙伴灵魂鱼,升州路/集庆路,9.4,9.3,9.4
399,环境最佳,南京,135,W.tender Whisky&Cocktail,新街口地区,9.2,9.3,9.2
400,环境最佳,南京,136,欢乐牧场烧烤涮自助餐厅,新街口地区,9.1,9.3,9.2
401,环境最佳,南京,137,费尼餐厅,南京国际博览中心/元通,9.1,9.3,9.1
402,环境最佳,南京,138,烤肉革命,新街口地区,9.1,9.3,9.2
403,环境最佳,南京,139,万达希尔顿夜泰美泰国餐厅(原万达希尔顿粤轩泰国餐厅),建邺万达,9.1,9.3,9.2
404,环境最佳,南京,140,大渔日本料理,新街口地区,9.2,9.3,9.2
405,环境最佳,南京,141,顺德渔生档,珠江路沿线,9.2,9.3,9.2
406,环境最佳,南京,142,探鱼,弘阳广场/新一城,9.2,9.3,9.2
407,环境最佳,南京,143,GODDESS AURORA 女神欧罗拉,草场门/龙江,9.2,9.3,9.3
408,环境最佳,南京,144,喵二大阪烧日式料理,新街口地区,9.1,9.3,9.3
409,环境最佳,南京,145,极焱炭火烧肉,新街口地区,9.2,9.3,9.3
410,环境最佳,南京,146,赤粉刘( 赤·PHO文刂）特色米粉馆,新街口地区,9.1,9.3,9.2
411,环境最佳,南京,147,佬土鹅肠火锅,升州路/集庆路,9.2,9.3,9.3
412,环境最佳,南京,148,高丽亭,仙林大学城,9.1,9.3,9.2
413,环境最佳,南京,149,popeye 80’炸鸡&啤酒主题餐厅,新街口地区,9.2,9.3,9.2
414,环境最佳,南京,150,探鱼,草场门/龙江,9.2,9.3,9.2
415,环境最佳,南京,151,琉璃餐厅,湖南路,9.1,9.3,9.2
416,环境最佳,南京,152,文泉记澳门粥面庄,火车站/玄武湖,9.2,9.2,9.3
417,环境最佳,南京,153,晓枫亭,草场门/龙江,9.4,9.2,9.3
418,环境最佳,南京,154,三顾冒菜,弘阳广场/新一城,9.3,9.2,9.3
419,环境最佳,南京,155,新战点比萨,瑞金路沿线,9.3,9.2,9.3
420,环境最佳,南京,156,愛果梦,仙林大学城,9.2,9.2,9.2
421,环境最佳,南京,157,壹条鱼,秦虹村/中华门,9.3,9.2,9.3
422,环境最佳,南京,158,瓦晒川菜,湖南路,9.1,9.2,9.3
423,环境最佳,南京,159,伊达黑船概念料理,新街口地区,9.1,9.2,9.2
424,环境最佳,南京,160,渝天下重庆火锅,奥体中心,9.1,9.2,9.2
425,环境最佳,南京,161,La Mona拉莫纳,奥体中心,9.1,9.2,9.1
426,环境最佳,南京,162,蔡氏冷串串,新街口地区,9.3,9.2,9.3
427,环境最佳,南京,163,湖庭壹品鸭王,湖南路,9.3,9.2,9.2
428,环境最佳,南京,164,嘟小白,瑞金路沿线,9.2,9.2,9.2
429,环境最佳,南京,165,(0048)香辣虾,大厂,9.2,9.2,9.2
430,环境最佳,南京,166,壹號鱼馆,建邺万达,9.3,9.2,9.2
431,环境最佳,南京,167,重庆夜猫子,新街口地区,9.3,9.2,9.3
432,环境最佳,南京,168,昭和伍拾肆,珠江路沿线,9.2,9.2,9.3
433,环境最佳,南京,169,走街串巷,新街口地区,9.3,9.2,9.4
434,环境最佳,南京,170,夏记重庆漫火锅,瑞金路沿线,9.1,9.2,9.2
435,环境最佳,南京,171,金年任韩国料理,步行街,9.2,9.2,9.2
436,环境最佳,南京,172,一鼎鲜.海货工场,建邺万达,9.2,9.2,9.3
437,环境最佳,南京,173,鱼酷活鱼现烤,马群街道,9.2,9.2,9.2
438,环境最佳,南京,174,威廉餐吧WILLIAM'S BAR&GRILL,珠江路沿线,9.1,9.2,9.2
439,环境最佳,南京,175,和风日料店,仙林大学城,9.0,9.2,9.1
440,环境最佳,南京,176,EZ5音乐餐吧,莫愁湖/水西门,9.1,9.2,9.2
441,环境最佳,南京,177,Aza Aza!创意芝心年糕料理,三牌楼,9.0,9.2,9.2
442,环境最佳,南京,178,天空树,新街口地区,8.6,9.2,9.1
443,环境最佳,南京,179,威雀地中海餐厅酒吧 VIE CHAT,火车站/玄武湖,9.1,9.2,9.3
444,环境最佳,南京,180,马铃薯西餐厅,夫子庙地区,9.0,9.2,9.1
445,环境最佳,南京,181,熊牛日式炭烧肉,江宁万达,9.1,9.2,9.2
446,环境最佳,南京,182,那家小馆,铁心桥/三江学院,8.9,9.2,9.1
447,环境最佳,南京,183,香木香羊烤全羊,江宁区,9.2,9.2,9.2
448,环境最佳,南京,184,萌炙禾烧,珠江路沿线,9.2,9.2,9.2
449,环境最佳,南京,185,一郎の料理,南大/南师大,9.2,9.2,9.4
450,环境最佳,南京,186,木子料理,珠江路沿线,9.2,9.2,9.3
451,环境最佳,南京,187,胡家花园,百家湖,9.0,9.2,8.8
452,环境最佳,南京,188,糊世刺身,夫子庙地区,9.3,9.2,9.2
453,环境最佳,南京,189,饱岛味台湾料理,南大/南师大,9.0,9.2,9.3
454,环境最佳,南京,190,泉水农庄,麒麟门,8.9,9.2,8.9
455,环境最佳,南京,191,博宁蓝餐吧,建邺万达,9.2,9.2,9.2
456,环境最佳,南京,192,吉多寿司,凤凰西街,9.3,9.2,9.3
457,环境最佳,南京,193,厨娘.CN,开发区,9.2,9.2,9.2
458,环境最佳,南京,194,龙景国品大酒店,紫金山/孝陵卫,9.1,9.2,9.1
459,环境最佳,南京,195,宝莱纳啤酒花园餐厅,南大/南师大,9.1,9.2,9.2
460,环境最佳,南京,196,水林间,紫峰购物广场,9.2,9.2,9.2
461,环境最佳,南京,197,神农牧羊烤全羊,麒麟门,9.3,9.2,9.3
462,环境最佳,南京,198,花漫日本料理,珠江路沿线,9.0,9.2,9.2
463,环境最佳,南京,199,厚生,大厂,9.1,9.2,9.1
464,环境最佳,南京,200,金汇大酒店自助餐厅,常府街/长白街,9.2,9.2,9.3
465,环境最佳,南京,201,龙灯会捞鱼客,夫子庙地区,9.2,9.2,9.3
466,环境最佳,南京,202,猫山王,迈皋桥/和燕路,9.2,9.2,9.3
467,环境最佳,南京,203,辣府,新街口地区,9.2,9.2,9.1
468,环境最佳,南京,204,鱼宴料理,莫愁湖/水西门,9.3,9.2,9.3
469,环境最佳,南京,205,味震三观 地道重庆火锅,新街口地区,9.2,9.2,9.2
470,环境最佳,南京,206,寿千庭锅物料理,奥体中心,9.1,9.2,9.2
471,环境最佳,南京,207,蜀百香火锅,夫子庙地区,9.1,9.2,9.2
472,环境最佳,南京,208,麻辣盛艳,常府街/长白街,9.2,9.2,9.2
473,环境最佳,南京,209,火啤串吧,三牌楼,9.1,9.2,9.1
474,环境最佳,南京,210,溜达料理,建邺万达,9.2,9.2,9.2
475,环境最佳,南京,211,烤啦,夫子庙地区,9.2,9.2,9.3
476,环境最佳,南京,212,锅比盆大,新街口地区,9.2,9.2,9.2
477,环境最佳,南京,213,斗牛士,同曦/瑞都商业圈,9.1,9.2,9.2
478,环境最佳,南京,214,KISS CAKE私家甜品定制,江宁万达,9.2,9.2,9.3
479,环境最佳,南京,215,赫佰仕啤酒花园餐厅,新街口地区,9.1,9.2,9.1
480,环境最佳,南京,216,食尚咖柠檬酸菜鱼火锅,尧化门,9.2,9.2,9.2
481,环境最佳,南京,217,蓉城御品,新街口地区,9.1,9.2,9.2
482,环境最佳,南京,218,河下老灶台,湖南路,9.2,9.2,9.2
483,环境最佳,南京,219,海底捞火锅,东山镇,9.2,9.2,9.3
484,环境最佳,南京,220,润SEASON锅物料理,环宇城,9.1,9.2,9.1
485,环境最佳,南京,221,鱼满池,珠江路沿线,9.2,9.2,9.2
486,环境最佳,南京,222,小辣江湖漫水货主题餐厅,新街口地区,9.2,9.2,9.2
487,环境最佳,南京,223,可酷寿司,三牌楼,9.3,9.2,9.3
488,环境最佳,南京,224,望湖璇宫,湖南路,8.4,9.2,9.1
489,环境最佳,南京,225,座上客,和燕路,9.2,9.2,9.2
490,环境最佳,南京,226,石头记,新街口地区,9.1,9.2,9.1
491,环境最佳,南京,227,意之翼-意大利餐厅,奥体中心,9.0,9.2,9.2
492,环境最佳,南京,228,九洲石锅鱼（南京总店）,夫子庙地区,9.3,9.2,9.3
493,环境最佳,南京,229,德国山顶牛排啤酒花园,夫子庙地区,8.4,9.2,8.9
494,环境最佳,南京,230,豆捞坊,江宁金鹰,9.1,9.2,9.2
495,环境最佳,南京,231,海弘昌,湖南路,9.2,9.2,9.1
496,环境最佳,南京,232,小尚轩韩国料理,大厂,9.3,9.2,9.3
497,环境最佳,南京,233,水天堂西餐厅,草场门/龙江,9.1,9.2,9.2
498,环境最佳,南京,234,麦部落,草场门/龙江,9.2,9.2,9.2
499,环境最佳,南京,235,L'arôme express 芳芳,新城市广场,9.1,9.2,9.2
500,环境最佳,南京,236,啖三花串串香,栖霞区,9.2,9.2,9.2
501,环境最佳,南京,237,晋家门,新城市广场,9.2,9.2,9.2
502,环境最佳,南京,238,南京大牌档,鼓楼区,9.2,9.2,9.2
503,环境最佳,南京,239,川鱼坊时尚活鱼馆,草场门/龙江,9.3,9.2,9.3
504,环境最佳,南京,240,南京威斯汀大酒店知味西餐厅,湖南路,8.1,9.2,9.1
505,环境最佳,南京,241,正韩道,建邺万达,9.2,9.2,9.2
506,环境最佳,南京,242,蟹之诱干锅传奇,莫愁湖/水西门,9.2,9.2,9.2
507,环境最佳,南京,243,DC莫奈花园,新街口地区,9.0,9.2,9.1
508,环境最佳,南京,244,街角西餐厅,奥体中心,9.1,9.2,9.2
509,环境最佳,南京,245,燕遇燕窝餐厅,新街口地区,9.2,9.2,9.2
510,环境最佳,南京,246,梅屋韩国料理,仙林大学城,9.1,9.2,9.2
511,环境最佳,南京,247,君煌大酒店,栖霞街道,9.2,9.2,9.2
512,环境最佳,南京,248,江边城外烤全鱼,新街口地区,9.2,9.2,9.2
513,环境最佳,南京,249,小名堂麻辣料理,新街口地区,9.2,9.2,9.2
514,环境最佳,南京,250,蜀辣九宫格火锅,步行街,9.2,9.2,9.2
515,环境最佳,南京,251,海鲨湾海鲜会馆,百家湖,9.2,9.2,9.2
516,环境最佳,南京,252,海鲨湾海鲜会馆,南京国际博览中心/元通,9.3,9.2,9.2
517,环境最佳,南京,253,成都驿站精品冒菜,夫子庙地区,9.2,9.2,9.3
518,环境最佳,南京,254,千爱创意寿司精致料理,珠江路沿线,9.3,9.2,9.3
519,环境最佳,南京,255,Time's cafe,仙林大学城,8.9,9.2,9.2
520,环境最佳,南京,256,黄胜记三汁焖锅,砂之船奥莱,9.2,9.2,9.2
521,环境最佳,南京,257,水之惠料理,新街口地区,9.2,9.2,9.2
522,环境最佳,南京,258,德贤居休闲茶餐厅,建邺万达,9.1,9.2,9.0
523,环境最佳,南京,259,过锅瘾三汁焖锅,迈皋桥/和燕路,9.1,9.2,9.2
524,环境最佳,南京,260,藤之屋文化料理,常府街/长白街,9.1,9.2,9.2
525,环境最佳,南京,261,香花堤,新街口地区,9.1,9.2,9.1
526,环境最佳,南京,262,chirchir女神炸鸡啤酒,仙林大学城,9.0,9.2,9.3
527,环境最佳,南京,263,MFL马飞了音乐吧,珠江路沿线,9.1,9.2,9.2
528,环境最佳,南京,264,耗儿渔馆,胜太路,9.1,9.2,9.2
529,口味最佳,南京,1,刘佬大香蛙馆,升州路/集庆路,9.4,9.2,9.3
530,口味最佳,南京,2,鱼四季创作日本料理,新街口地区,9.4,9.4,9.4
531,口味最佳,南京,3,雨发生态园酒店,浦口区,9.4,9.4,9.4
532,口味最佳,南京,4,捞王锅物料理,新街口地区,9.4,9.4,9.4
533,口味最佳,南京,5,小伙伴灵魂鱼,升州路/集庆路,9.4,9.3,9.4
534,口味最佳,南京,6,烦不了串串香,集庆门大街,9.4,9.3,9.3
535,口味最佳,南京,7,陈记一牛火锅,幕府西路,9.4,9.1,9.3
536,口味最佳,南京,8,晓枫亭,草场门/龙江,9.4,9.2,9.3
537,口味最佳,南京,9,三袋寿司,新街口地区,9.3,9.3,9.3
538,口味最佳,南京,10,湖滨江鲜,开发区,9.3,9.3,9.3
539,口味最佳,南京,11,小伙子烧烤,铁心桥/三江学院,9.3,9.3,9.3
540,口味最佳,南京,12,新村韩国料理店,珠江路沿线,9.3,9.3,9.4
541,口味最佳,南京,13,鲜椒鱼,升州路/集庆路,9.3,9.2,9.3
542,口味最佳,南京,14,旅途中餐吧,大东门,9.3,9.4,9.4
543,口味最佳,南京,15,筷子兄弟,瑞金路沿线,9.3,9.3,9.3
544,口味最佳,南京,16,川鱼坊时尚活鱼馆,草场门/龙江,9.3,9.2,9.3
545,口味最佳,南京,17,蘇渔我家黑鱼馆,莫愁湖/水西门,9.3,9.1,9.2
546,口味最佳,南京,18,十二楼海鲜,建邺万达,9.3,9.3,9.4
547,口味最佳,南京,19,清真巴旺烧烤,应天大街/文体路,9.3,9.2,9.3
548,口味最佳,南京,20,柠檬鱼,江浦,9.3,9.3,9.3
549,口味最佳,南京,21,潮州海鮮粥公館,应天大街/文体路,9.3,9.4,9.4
550,口味最佳,南京,22,玩吧韩国料理,秦淮区,9.3,9.1,9.3
551,口味最佳,南京,23,江宴鱼虾跳,麒麟门,9.3,9.3,9.3
552,口味最佳,南京,24,糊世刺身,建邺万达,9.3,9.3,9.3
553,口味最佳,南京,25,泰果·东南亚餐厅,湖南路,9.3,9.3,9.4
554,口味最佳,南京,26,三顾冒菜,弘阳广场/新一城,9.3,9.2,9.3
555,口味最佳,南京,27,顺乐土菜馆,汤山镇,9.3,9.1,9.3
556,口味最佳,南京,28,韩江道木炭烤肉,同曦/瑞都商业圈,9.3,9.3,9.4
557,口味最佳,南京,29,蔡氏冷串串,新街口地区,9.3,9.2,9.3
558,口味最佳,南京,30,比萨时光,南大/南师大,9.3,9.3,9.4
559,口味最佳,南京,31,大嘴美蛙鱼头火锅,夫子庙地区,9.3,9.2,9.3
560,口味最佳,南京,32,走街串巷,新街口地区,9.3,9.2,9.4
561,口味最佳,南京,33,糊世刺身,新街口地区,9.3,9.3,9.3
562,口味最佳,南京,34,花醉美人锅,秦淮区,9.3,9.3,9.3
563,口味最佳,南京,35,出云寿司外卖,环宇城,9.3,9.2,9.3
564,口味最佳,南京,36,千爱创意寿司精致料理,珠江路沿线,9.3,9.2,9.3
565,口味最佳,南京,37,维金•水乡馆,湖南路,9.3,9.3,9.3
566,口味最佳,南京,38,柏烤堂烧烤,新街口地区,9.3,9.3,9.2
567,口味最佳,南京,39,可酷寿司,三牌楼,9.3,9.2,9.3
568,口味最佳,南京,40,神农牧羊烤全羊,麒麟门,9.3,9.2,9.3
569,口味最佳,南京,41,鲜道寿司,环宇城,9.3,9.3,9.3
570,口味最佳,南京,42,鱼宴料理,莫愁湖/水西门,9.3,9.2,9.3
571,口味最佳,南京,43,青龙山庄酒店,东山镇,9.3,9.3,9.3
572,口味最佳,南京,44,冇有猫烤鱼专家,升州路/集庆路,9.3,9.2,9.2
573,口味最佳,南京,45,煲宫锅物料理,新街口地区,9.3,9.3,9.3
574,口味最佳,南京,46,吉多寿司,凤凰西街,9.3,9.2,9.3
575,口味最佳,南京,47,橘焱胡同烧肉夜食,新街口地区,9.3,9.3,9.4
576,口味最佳,南京,48,鱼客,新街口地区,9.3,9.1,9.3
577,口味最佳,南京,49,冒椒汇,新街口地区,9.3,9.2,9.3
578,口味最佳,南京,50,王记外婆香冒菜,通济街,9.3,9.3,9.3
579,口味最佳,南京,51,江宁肚包鸡,东山镇,9.3,9.1,9.2
580,口味最佳,南京,52,百家宴,江宁万达,9.3,9.3,9.2
581,口味最佳,南京,53,睿扬农府私房土菜馆,汤山镇,9.3,9.2,9.3
582,口味最佳,南京,54,壹號鱼馆,建邺万达,9.3,9.2,9.2
583,口味最佳,南京,55,神仙美蛙,新街口地区,9.3,9.1,9.3
584,口味最佳,南京,56,大川园火锅冒菜,大厂,9.3,9.2,9.2
585,口味最佳,南京,57,第八仙精品烧烤,莫愁湖/水西门,9.3,9.2,9.3
586,口味最佳,南京,58,小尚轩韩国料理,大厂,9.3,9.2,9.3
587,口味最佳,南京,59,苏香圆鱼馆,火车站/玄武湖,9.3,8.2,9.1
588,口味最佳,南京,60,米贩传奇,新街口地区,9.3,9.3,9.3
589,口味最佳,南京,61,重庆夜猫子,新街口地区,9.3,9.2,9.3
590,口味最佳,南京,62,海鲨湾海鲜会馆,南京国际博览中心/元通,9.3,9.2,9.2
591,口味最佳,南京,63,湖庭壹品鸭王,湖南路,9.3,9.2,9.2
592,口味最佳,南京,64,My chicken传统韩国炸鸡,新街口地区,9.3,9.3,9.3
593,口味最佳,南京,65,子非鱼,集庆门大街,9.3,9.2,9.3
594,口味最佳,南京,66,羊大鲜蝎子王大个子龙虾,东山镇,9.3,9.1,9.3
595,口味最佳,南京,67,老虎滩大连海鲜烧烤,建邺万达,9.3,9.2,9.3
596,口味最佳,南京,68,新战点比萨,瑞金路沿线,9.3,9.2,9.3
597,口味最佳,南京,69,五福鲜味坊,紫荆广场,9.3,9.1,9.2
598,口味最佳,南京,70,漫山羊火锅餐厅,弘阳广场/新一城,9.3,9.4,9.3
599,口味最佳,南京,71,御社板前寿司,夫子庙地区,9.3,9.3,9.4
600,口味最佳,南京,72,大渝火锅,安德门/小行,9.3,9.3,9.3
601,口味最佳,南京,73,壹条鱼,秦虹村/中华门,9.3,9.2,9.3
602,口味最佳,南京,74,闻香阁蜜辣龙虾,新街口地区,9.3,9.2,9.2
603,口味最佳,南京,75,海岛渔村,夫子庙地区,9.3,9.3,9.4
604,口味最佳,南京,76,皖北驴肉馆私房土菜,汤山镇,9.3,9.1,9.2
605,口味最佳,南京,77,九洲石锅鱼（南京总店）,夫子庙地区,9.3,9.2,9.3
606,口味最佳,南京,78,齐味家肥牛海鲜火锅,秦虹村/中华门,9.3,9.3,9.2
607,口味最佳,南京,79,金氏韩国料理,珠江路沿线,9.3,9.3,9.3
608,口味最佳,南京,80,海鲨湾海鲜会馆,新街口地区,9.3,9.1,9.2
609,口味最佳,南京,81,重庆巴巴烫火锅,草场门/龙江,9.3,9.0,9.1
610,口味最佳,南京,82,糊世刺身,夫子庙地区,9.3,9.2,9.2
611,口味最佳,南京,83,贝紫Style手机西点主题吧,珠江路沿线,9.3,9.3,9.3
612,口味最佳,南京,84,飞碟鱼,高淳区,9.3,9.3,9.3
613,口味最佳,南京,85,小厨娘淮扬菜,东山镇,9.3,9.3,9.3
614,口味最佳,南京,86,乡村小居,汤山镇,9.3,9.1,9.2
615,口味最佳,南京,87,德天肥牛海鲜火锅,殷巷,9.3,9.3,9.2
616,口味最佳,南京,88,梓贤阁精品土菜馆,汤山镇,9.3,9.1,9.2
617,口味最佳,南京,89,璞麟铁板烧,紫荆广场,9.3,9.4,9.3
618,口味最佳,南京,90,争鲜回转寿司,虹悦城,9.2,9.3,9.2
619,口味最佳,南京,91,那丝家的店,玄武区,9.2,9.2,9.3
620,口味最佳,南京,92,益泉土菜馆,汤山镇,9.2,9.0,9.4
621,口味最佳,南京,93,萬鱼藏创作日本料理,新街口地区,9.2,9.3,9.3
622,口味最佳,南京,94,君煌大酒店,栖霞街道,9.2,9.2,9.2
623,口味最佳,南京,95,小胖子烤螃蟹/小胖子功夫龙虾,珠江路沿线,9.2,9.3,9.3
624,口味最佳,南京,96,香山湖人家,江浦,9.2,9.3,9.2
625,口味最佳,南京,97,金汇大酒店自助餐厅,常府街/长白街,9.2,9.2,9.3
626,口味最佳,南京,98,蚝情烤吧,夫子庙地区,9.2,9.0,9.2
627,口味最佳,南京,99,巴适花椒鱼,莫愁湖/水西门,9.2,9.2,9.2
628,口味最佳,南京,100,爱尚鱼,托乐嘉,9.2,9.1,9.3
629,口味最佳,南京,101,桜の屋创意日本料理sakura,新街口地区,9.2,9.3,9.3
630,口味最佳,南京,102,吉寿司,广成,9.2,9.3,9.3
631,口味最佳,南京,103,昭和伍拾肆,珠江路沿线,9.2,9.2,9.3
632,口味最佳,南京,104,吉宗刺身,新街口地区,9.2,9.2,9.3
633,口味最佳,南京,105,极焱炭火烧肉,新街口地区,9.2,9.3,9.3
634,口味最佳,南京,106,紫滇源云南生态菜,珠江路沿线,9.2,9.1,9.3
635,口味最佳,南京,107,蟹之诱干锅传奇,莫愁湖/水西门,9.2,9.2,9.2
636,口味最佳,南京,108,鸿霖多国料理,新街口地区,9.2,9.3,9.3
637,口味最佳,南京,109,麒麟料理,建邺万达,9.2,9.3,9.2
638,口味最佳,南京,110,探鱼,弘阳广场/新一城,9.2,9.3,9.2
639,口味最佳,南京,111,嘟小白,瑞金路沿线,9.2,9.2,9.2
640,口味最佳,南京,112,小名堂麻辣料理,新街口地区,9.2,9.2,9.2
641,口味最佳,南京,113,KISS CAKE私家甜品定制,江宁万达,9.2,9.2,9.3
642,口味最佳,南京,114,珍味家常菜馆,汤山镇,9.2,9.1,9.2
643,口味最佳,南京,115,鱼留唇,新街口地区,9.2,9.0,9.1
644,口味最佳,南京,116,鱼铺,珠江路沿线,9.2,9.1,9.2
645,口味最佳,南京,117,茗一味臻茶馆,三牌楼,9.2,9.2,9.2
646,口味最佳,南京,118,西贝莜面村,湖南路,9.2,9.3,9.3
647,口味最佳,南京,119,陈记潮汕卤水馆,珠江路沿线,9.2,9.1,9.2
648,口味最佳,南京,120,一鼎鲜.海货工场,建邺万达,9.2,9.2,9.3
649,口味最佳,南京,121,GODDESS AURORA 女神欧罗拉,草场门/龙江,9.2,9.3,9.3
650,口味最佳,南京,122,鱼锅锅泉水活鱼火锅,江宁万达,9.2,9.3,9.3
651,口味最佳,南京,123,蒋勇家全球海鲜料理,夫子庙地区,9.2,9.2,9.2
652,口味最佳,南京,124,渝蛙馆,新街口地区,9.2,9.1,9.1
653,口味最佳,南京,125,探鱼,草场门/龙江,9.2,9.3,9.2
654,口味最佳,南京,126,小辣江湖漫水货主题餐厅,新街口地区,9.2,9.2,9.2
655,口味最佳,南京,127,诱色鱼,夫子庙地区,9.2,9.3,9.3
656,口味最佳,南京,128,蒸汽食代•云南蒸汽石锅鱼,瑞金路沿线,9.2,9.2,9.3
657,口味最佳,南京,129,真来斯肚煲鸡馆,珠江路沿线,9.2,8.7,9.1
658,口味最佳,南京,130,溢美德云南蒸汽石锅鱼,珠江路沿线,9.2,9.1,9.2
659,口味最佳,南京,131,韩聚oppabar,湖南路,9.2,9.3,9.4
660,口味最佳,南京,132,座上客,和燕路,9.2,9.2,9.2
661,口味最佳,南京,133,陈华勇麻辣烫,莫愁湖/水西门,9.2,9.2,9.2
662,口味最佳,南京,134,N多寿司,通济街,9.2,9.3,9.3
663,口味最佳,南京,135,荣记汕头牛肉火锅,瑞金路沿线,9.2,8.9,9.1
664,口味最佳,南京,136,成都娃娃花园餐厅 Garden Restaurant & Lounge,南大/南师大,9.2,9.3,9.2
665,口味最佳,南京,137,popeye 80’炸鸡&啤酒主题餐厅,新街口地区,9.2,9.3,9.2
666,口味最佳,南京,138,漢義轩土锅灶,幕府西路,9.2,9.0,9.1
667,口味最佳,南京,139,百乐渔坊,幕府西路,9.2,9.1,9.2
668,口味最佳,南京,140,正韩道,建邺万达,9.2,9.2,9.2
669,口味最佳,南京,141,Lucky&Bar,新街口地区,9.2,9.3,9.3
670,口味最佳,南京,142,乐百丽比萨,马群街道,9.2,9.2,9.2
671,口味最佳,南京,143,和食佬风味餐厅,新街口地区,9.2,9.2,9.2
672,口味最佳,南京,144,美丽心情休闲餐厅,奥体中心,9.2,9.3,9.2
673,口味最佳,南京,145,海底捞,珠江路沿线,9.2,9.3,9.3
674,口味最佳,南京,146,烤啦,夫子庙地区,9.2,9.2,9.3
675,口味最佳,南京,147,human coffee,南大/南师大,9.2,9.2,9.2
676,口味最佳,南京,148,香木香羊烤全羊,江宁区,9.2,9.2,9.2
677,口味最佳,南京,149,王品台塑牛排,湖南路,9.2,9.3,9.3
678,口味最佳,南京,150,成都驿站精品冒菜,夫子庙地区,9.2,9.2,9.3
679,口味最佳,南京,151,蒙太牛正宗潮汕牛肉火锅,升州路/集庆路,9.2,9.2,9.2
680,口味最佳,南京,152,清尚料理,新街口地区,9.2,9.1,9.3
681,口味最佳,南京,153,花津浦,环宇城,9.2,9.2,9.2
682,口味最佳,南京,154,怪味焖锅,新模范马路,9.2,8.7,9.1
683,口味最佳,南京,155,萌哒哒烤鱼,江浦,9.2,9.2,9.2
684,口味最佳,南京,156,海鲨湾海鲜会馆,百家湖,9.2,9.2,9.2
685,口味最佳,南京,157,楼兰新疆主题餐厅,草场门/龙江,9.2,9.2,9.2
686,口味最佳,南京,158,乐和餐饮,火车站/玄武湖,9.2,9.3,9.2
687,口味最佳,南京,159,酤CockTail,南大/南师大,9.2,9.1,9.2
688,口味最佳,南京,160,石窖治野果木窖烤披萨面包餐厅,草场门/龙江,9.2,9.2,9.1
689,口味最佳,南京,161,唐门老火锅,秦虹村/中华门,9.2,9.2,9.2
690,口味最佳,南京,162,潮串堂,大厂十村,9.2,9.3,9.2
691,口味最佳,南京,163,Mr.Panda,南大/南师大,9.2,9.1,9.2
692,口味最佳,南京,164,芙蓉树下·冒菜,建邺万达,9.2,9.1,9.3
693,口味最佳,南京,165,啖三花串串香,栖霞区,9.2,9.2,9.2
694,口味最佳,南京,166,勿相忘串串香,夫子庙地区,9.2,9.2,9.2
695,口味最佳,南京,167,帕米朵儿新疆小馆,仙鹤门新天地广场,9.2,9.1,9.1
696,口味最佳,南京,168,长野料理,仙林大学城,9.2,9.3,9.3
697,口味最佳,南京,169,品川荟美蛙鱼头火锅,建邺万达,9.2,9.1,9.1
698,口味最佳,南京,170,意鱼井上精品料理,新街口地区,9.2,9.3,9.3
699,口味最佳,南京,171,新石器烤肉,东山镇,9.2,9.2,9.2
700,口味最佳,南京,172,马瑟诺休闲西餐厅,升州路/集庆路,9.2,9.3,9.2
701,口味最佳,南京,173,神奇鲜果奶吧,仙林大学城,9.2,9.2,9.2
702,口味最佳,南京,174,(0048)香辣虾,大厂,9.2,9.2,9.2
703,口味最佳,南京,175,神坐料理,新街口地区,9.2,9.0,9.2
704,口味最佳,南京,176,海底捞火锅,东山镇,9.2,9.2,9.3
705,口味最佳,南京,177,签到串串香,大学城,9.2,9.1,9.2
706,口味最佳,南京,178,大蔬无界,新街口地区,9.2,9.4,9.4
707,口味最佳,南京,179,汉堡王,雨花台区,9.2,9.2,9.1
708,口味最佳,南京,180,小尾羊温都戈鲜羊肉火锅,草场门/龙江,9.2,9.3,9.2
709,口味最佳,南京,181,鱼满池,尧化门,9.2,9.2,9.2
710,口味最佳,南京,182,鱼会海鲜大排档,夫子庙地区,9.2,9.2,9.2
711,口味最佳,南京,183,王子牛蛙火锅,新街口地区,9.2,9.2,9.3
712,口味最佳,南京,184,Double Face宝吉祥音乐啤酒餐吧,草场门/龙江,9.2,9.3,9.2
713,口味最佳,南京,185,本味鱼皇餐厅,江宁金鹰,9.2,9.2,9.3
714,口味最佳,南京,186,一品麻辣香锅,金浦购物中心,9.2,9.2,9.3
715,口味最佳,南京,187,A Cooking Lab烘焙料理实验室,新街口地区,9.2,9.2,9.2
716,口味最佳,南京,188,昌海家常菜,高新区,9.2,9.1,9.1
717,口味最佳,南京,189,渡口 烤肉&石锅饭,老浦口1914,9.2,9.3,9.2
718,口味最佳,南京,190,七欣天品蟹轩,湖南路,9.2,9.1,9.1
719,口味最佳,南京,191,溜达刺身,夫子庙地区,9.2,9.2,9.2
720,口味最佳,南京,192,愛果梦,仙林大学城,9.2,9.2,9.2
721,口味最佳,南京,193,Gelateria d'Orcia 奥尔恰雪糕,夫子庙地区,9.2,9.2,9.2
722,口味最佳,南京,194,嘿鱼弄,奥体中心,9.2,9.2,9.1
723,口味最佳,南京,195,鱼酷活鱼现烤,马群街道,9.2,9.2,9.2
724,口味最佳,南京,196,木子料理,珠江路沿线,9.2,9.2,9.3
725,口味最佳,南京,197,疆情饭店,玄武区,9.2,9.3,9.3
726,口味最佳,南京,198,鱼留香,秦虹村/中华门,9.2,9.2,9.2
727,口味最佳,南京,199,巧盒,新街口地区,9.2,9.2,9.2
728,口味最佳,南京,200,源香潮汕粥,瑞金路沿线,9.2,9.0,9.1
729,口味最佳,南京,201,松膳日本料理·炭火烤肉,仙林大学城,9.2,9.3,9.3
730,口味最佳,南京,202,食尚咖柠檬酸菜鱼火锅,尧化门,9.2,9.2,9.2
731,口味最佳,南京,203,麦部落,草场门/龙江,9.2,9.2,9.2
732,口味最佳,南京,204,鱼舟渔铺,大桥南路,9.2,9.1,9.2
733,口味最佳,南京,205,燕遇燕窝餐厅,新街口地区,9.2,9.2,9.2
734,口味最佳,南京,206,姐妹饭店,珠江路沿线,9.2,9.1,9.2
735,口味最佳,南京,207,三顾冒菜,岔路口,9.2,9.2,9.2
736,口味最佳,南京,208,三天打鱼,奥体中心,9.2,9.2,9.2
737,口味最佳,南京,209,一鸣真鲜奶吧,新街口地区,9.2,9.2,9.1
738,口味最佳,南京,210,家宝风味馆,新街口地区,9.2,7.9,9.2
739,口味最佳,南京,211,厨娘.CN,开发区,9.2,9.2,9.2
740,口味最佳,南京,212,佰人王串串香火锅,新街口地区,9.2,9.2,9.2
741,口味最佳,南京,213,S&P,建邺万达,9.2,9.3,9.2
742,口味最佳,南京,214,晋家门,新城市广场,9.2,9.2,9.2
743,口味最佳,南京,215,一牛生活健康火锅,草场门/龙江,9.2,9.1,9.2
744,口味最佳,南京,216,辣府,新街口地区,9.2,9.2,9.1
745,口味最佳,南京,217,花味,草场门/龙江,9.2,9.2,9.2
746,口味最佳,南京,218,河下老灶台,湖南路,9.2,9.2,9.2
747,口味最佳,南京,219,芒可,迈皋桥/和燕路,9.2,9.2,9.2
748,口味最佳,南京,220,蜀知味,建邺万达,9.2,9.1,9.1
749,口味最佳,南京,221,沐之加州卷寿司专门店,新街口地区,9.2,9.1,9.3
750,口味最佳,南京,222,伊人锅,新街口地区,9.2,9.3,9.3
751,口味最佳,南京,223,鱼小鲜,夫子庙地区,9.2,9.0,9.1
752,口味最佳,南京,224,文泉记澳门茶餐厅,珠江路沿线,9.2,9.2,9.2
753,口味最佳,南京,225,麻辣盛艳,常府街/长白街,9.2,9.2,9.2
754,口味最佳,南京,226,君之蕙日式料理,瑞金路沿线,9.2,9.3,9.2
755,口味最佳,南京,227,京学长的日料便当屋,常府街/长白街,9.2,9.1,9.1
756,口味最佳,南京,228,蜀锦香厕所串串,新街口地区,9.2,9.1,9.2
757,口味最佳,南京,229,森林燕山栗,夫子庙地区,9.2,9.1,9.2
758,口味最佳,南京,230,水林间,紫峰购物广场,9.2,9.2,9.2
759,口味最佳,南京,231,牛火锅正宗重庆老火锅,珠江路沿线,9.2,9.0,9.1
760,口味最佳,南京,232,大渔日本料理,新街口地区,9.2,9.3,9.2
761,口味最佳,南京,233,和日本料理铁板烧,东山镇,9.2,9.3,9.2
762,口味最佳,南京,234,徐妹串串香,仙鹤门新天地广场,9.2,9.2,9.2
763,口味最佳,南京,235,佬土鹅肠火锅,升州路/集庆路,9.2,9.3,9.3
764,口味最佳,南京,236,蜀辣九宫格火锅,步行街,9.2,9.2,9.2
765,口味最佳,南京,237,排骨饭,仙林大学城,9.2,9.1,9.2
766,口味最佳,南京,238,福口大锅台,建宁路,9.2,9.1,9.2
767,口味最佳,南京,239,一浦小店韩式新派烤肉,秦淮区,9.2,9.2,9.2
768,口味最佳,南京,240,潮汕良记牛肉火锅,新街口地区,9.2,8.7,9.2
769,口味最佳,南京,241,Shawn's Coffee（熊族咖啡）,草场门/龙江,9.2,9.2,9.2
770,口味最佳,南京,242,一郎の料理,南大/南师大,9.2,9.2,9.4
771,口味最佳,南京,243,龙灯会捞鱼客,夫子庙地区,9.2,9.2,9.3
772,口味最佳,南京,244,W.tender Whisky&Cocktail,新街口地区,9.2,9.3,9.2
773,人气餐厅,南京,1,万达希尔顿汇全日餐厅,建邺万达,8.5,9.1,9.0
774,人气餐厅,南京,2,民国红公馆,珠江路沿线,9.1,9.2,9.0
775,人气餐厅,南京,3,蜀留香九宫格火锅,新街口地区,9.1,9.0,9.0
776,人气餐厅,南京,4,猫咪灰料理,新街口地区,9.0,9.1,9.0
777,人气餐厅,南京,5,大蔬无界,新街口地区,9.2,9.4,9.4
778,人气餐厅,南京,6,虎锅,建邺万达,9.0,9.2,9.1
779,人气餐厅,南京,7,韩国八色烤肉,新街口地区,8.8,9.0,9.1
780,人气餐厅,南京,8,萬鱼藏创作日本料理,新街口地区,9.2,9.3,9.3
781,人气餐厅,南京,9,J’Go L'arôme芳芳红酒餐吧,珠江路沿线,8.9,9.2,9.2
782,人气餐厅,南京,10,夜太美主题餐厅,珠江路沿线,9.1,9.2,9.2
783,人气餐厅,南京,11,煲宫锅物料理,新街口地区,9.2,9.2,9.3
784,人气餐厅,南京,12,蜀百香火锅,夫子庙地区,9.1,9.2,9.2
785,人气餐厅,南京,13,小猪猪,夫子庙地区,8.9,9.1,9.2
786,人气餐厅,南京,14,86号海鲜烤肉自助餐厅,湖南路,8.8,9.0,9.1
787,人气餐厅,南京,15,弘大烤肉,新街口地区,9.1,9.1,9.2
788,人气餐厅,南京,16,清潭洞烤肉,新街口地区,9.1,9.1,9.1
789,人气餐厅,南京,17,活跳ヘ海怪基海鲜火锅,建邺万达,9.2,9.1,9.3
790,人气餐厅,南京,18,甘尼仕喜马拉雅尼泊尔印度餐厅,新街口地区,8.3,9.0,8.7
791,人气餐厅,南京,19,佬土鹅肠火锅,升州路/集庆路,9.2,9.3,9.3
792,人气餐厅,南京,20,巴蜀大宅门火锅,升州路/集庆路,9.1,9.2,9.1
793,最佳餐厅,南京,1,鱼四季创作日本料理,江宁金鹰,9.4,9.5,9.4
794,最佳餐厅,南京,2,雨发生态园酒店,浦口区,9.4,9.4,9.4
795,最佳餐厅,南京,3,捞王锅物料理,新街口地区,9.4,9.4,9.4
796,最佳餐厅,南京,4,刘佬大香蛙馆,升州路/集庆路,9.4,9.2,9.3
797,最佳餐厅,南京,5,旅途中餐吧,大东门,9.3,9.4,9.4
798,最佳餐厅,南京,6,晓枫亭,草场门/龙江,9.4,9.2,9.3
799,最佳餐厅,南京,7,烦不了串串香,集庆门大街,9.4,9.3,9.3
800,最佳餐厅,南京,8,小伙子烧烤,铁心桥/三江学院,9.3,9.3,9.3
801,最佳餐厅,南京,9,十二楼海鲜,建邺万达,9.3,9.3,9.4
802,最佳餐厅,南京,10,新村韩国料理店,珠江路沿线,9.3,9.3,9.4
803,最佳餐厅,南京,11,三袋寿司,新街口地区,9.3,9.3,9.3
804,最佳餐厅,南京,12,陈记一牛火锅,幕府西路,9.4,9.1,9.3
805,最佳餐厅,南京,13,小伙伴灵魂鱼,升州路/集庆路,9.4,9.3,9.4
806,最佳餐厅,南京,14,百家宴,江宁万达,9.3,9.3,9.2
807,最佳餐厅,南京,15,海岛渔村,夫子庙地区,9.3,9.3,9.4
808,最佳餐厅,南京,16,潮州海鮮粥公館,应天大街/文体路,9.3,9.4,9.4
809,最佳餐厅,南京,17,湖滨江鲜,开发区,9.3,9.3,9.3
810,最佳餐厅,南京,18,吉多寿司,凤凰西街,9.3,9.2,9.3
811,最佳餐厅,南京,19,顺乐土菜馆,汤山镇,9.3,9.1,9.3
812,最佳餐厅,南京,20,柠檬鱼,江浦,9.3,9.3,9.3
813,最佳餐厅,南京,21,玩吧韩国料理,秦淮区,9.3,9.1,9.3
814,最佳餐厅,南京,22,筷子兄弟,瑞金路沿线,9.3,9.3,9.3
815,最佳餐厅,南京,23,子非鱼,集庆门大街,9.3,9.2,9.3
816,最佳餐厅,南京,24,韩江道木炭烤肉,新街口地区,9.3,9.3,9.4
817,最佳餐厅,南京,25,清真巴旺烧烤,应天大街/文体路,9.3,9.2,9.3
818,最佳餐厅,南京,26,柏烤堂烧烤,新街口地区,9.3,9.4,9.3
819,最佳餐厅,南京,27,花醉美人锅,秦淮区,9.3,9.3,9.3
820,最佳餐厅,南京,28,泰果·东南亚餐厅,湖南路,9.3,9.3,9.4
821,最佳餐厅,南京,29,蔡氏冷串串,新街口地区,9.3,9.2,9.3
822,最佳餐厅,南京,30,出云寿司外卖,环宇城,9.3,9.2,9.3
823,最佳餐厅,南京,31,江宴鱼虾跳,麒麟门,9.3,9.3,9.3
824,最佳餐厅,南京,32,川鱼坊时尚活鱼馆,草场门/龙江,9.3,9.2,9.3
825,最佳餐厅,南京,33,糊世刺身,建邺万达,9.3,9.3,9.3
826,最佳餐厅,南京,34,鸿霖多国料理,新街口地区,9.2,9.3,9.3
827,最佳餐厅,南京,35,鱼宴料理,莫愁湖/水西门,9.3,9.2,9.3
828,最佳餐厅,南京,36,青龙山庄酒店,东山镇,9.3,9.3,9.3
829,最佳餐厅,南京,37,鲜道寿司,环宇城,9.3,9.3,9.3
830,最佳餐厅,南京,38,皖北驴肉馆私房土菜,汤山镇,9.3,9.1,9.2
831,最佳餐厅,南京,39,比萨时光,南大/南师大,9.3,9.3,9.4
832,最佳餐厅,南京,40,冒椒汇,新街口地区,9.3,9.2,9.3
833,最佳餐厅,南京,41,857花园咖啡酒吧,湖南路,9.2,9.4,9.4
834,最佳餐厅,南京,42,老虎滩大连海鲜烧烤,建邺万达,9.3,9.2,9.3
835,最佳餐厅,南京,43,走街串巷,新街口地区,9.3,9.2,9.4
836,最佳餐厅,南京,44,王记外婆香冒菜,通济街,9.3,9.3,9.3
837,最佳餐厅,南京,45,壹条鱼,秦虹村/中华门,9.3,9.2,9.3
838,最佳餐厅,南京,46,煲宫锅物料理,新街口地区,9.3,9.3,9.3
839,最佳餐厅,南京,47,御社板前寿司,夫子庙地区,9.3,9.3,9.4
840,最佳餐厅,南京,48,益泉土菜馆,汤山镇,9.2,9.0,9.4
841,最佳餐厅,南京,49,糊世刺身,新街口地区,9.3,9.3,9.3
842,最佳餐厅,南京,50,小厨娘淮扬菜,雨花台区,9.2,9.3,9.2
843,最佳餐厅,南京,51,神仙美蛙,新街口地区,9.3,9.1,9.3
844,最佳餐厅,南京,52,大嘴美蛙鱼头火锅,夫子庙地区,9.3,9.2,9.3
845,最佳餐厅,南京,53,神农牧羊烤全羊,麒麟门,9.3,9.2,9.3
846,最佳餐厅,南京,54,麒麟料理,建邺万达,9.2,9.3,9.2
847,最佳餐厅,南京,55,米贩传奇,新街口地区,9.3,9.3,9.3
848,最佳餐厅,南京,56,维金•水乡馆,湖南路,9.3,9.3,9.3
849,最佳餐厅,南京,57,三顾冒菜,弘阳广场/新一城,9.3,9.2,9.3
850,最佳餐厅,南京,58,争鲜回转寿司,虹悦城,9.2,9.3,9.2
851,最佳餐厅,南京,59,橘焱胡同烧肉夜食,新街口地区,9.3,9.3,9.4
852,最佳餐厅,南京,60,韩聚oppabar,湖南路,9.2,9.3,9.4
853,最佳餐厅,南京,61,睿扬农府私房土菜馆,汤山镇,9.3,9.2,9.3
854,最佳餐厅,南京,62,小胖子烤螃蟹/小胖子功夫龙虾,珠江路沿线,9.2,9.3,9.3
855,最佳餐厅,南京,63,鲜椒鱼,升州路/集庆路,9.3,9.2,9.3
856,最佳餐厅,南京,64,N多寿司,通济街,9.2,9.3,9.3
857,最佳餐厅,南京,65,My chicken传统韩国炸鸡,新街口地区,9.3,9.3,9.3
858,最佳餐厅,南京,66,可酷寿司,三牌楼,9.3,9.2,9.3
859,最佳餐厅,南京,67,王品台塑牛排,湖南路,9.2,9.3,9.3
860,最佳餐厅,南京,68,江宁肚包鸡,东山镇,9.3,9.1,9.2
861,最佳餐厅,南京,69,漫山羊火锅餐厅,弘阳广场/新一城,9.3,9.4,9.3
862,最佳餐厅,南京,70,昭和伍拾肆,珠江路沿线,9.2,9.2,9.3
863,最佳餐厅,南京,71,海底捞,珠江路沿线,9.2,9.3,9.3
864,最佳餐厅,南京,72,第八仙精品烧烤,莫愁湖/水西门,9.3,9.2,9.3
865,最佳餐厅,南京,73,九洲石锅鱼（南京总店）,夫子庙地区,9.3,9.2,9.3
866,最佳餐厅,南京,74,千爱创意寿司精致料理,珠江路沿线,9.3,9.2,9.3
867,最佳餐厅,南京,75,桜の屋创意日本料理sakura,新街口地区,9.2,9.3,9.3
868,最佳餐厅,南京,76,GODDESS AURORA 女神欧罗拉,草场门/龙江,9.2,9.3,9.3
869,最佳餐厅,南京,77,烤啦,夫子庙地区,9.2,9.2,9.3
870,最佳餐厅,南京,78,壹號鱼馆,建邺万达,9.3,9.2,9.2
871,最佳餐厅,南京,79,蘇渔我家黑鱼馆,莫愁湖/水西门,9.3,9.1,9.2
872,最佳餐厅,南京,80,成都驿站精品冒菜,夫子庙地区,9.2,9.2,9.3
873,最佳餐厅,南京,81,蚝情烤吧,夫子庙地区,9.2,9.0,9.2
874,最佳餐厅,南京,82,梓贤阁精品土菜馆,汤山镇,9.3,9.1,9.2
875,最佳餐厅,南京,83,重庆夜猫子,新街口地区,9.3,9.2,9.3
876,最佳餐厅,南京,84,萬鱼藏创作日本料理,新街口地区,9.2,9.3,9.3
877,最佳餐厅,南京,85,巴适花椒鱼,莫愁湖/水西门,9.2,9.2,9.2
878,最佳餐厅,南京,86,大川园火锅冒菜,大厂,9.3,9.2,9.2
879,最佳餐厅,南京,87,齐味家肥牛海鲜火锅,秦虹村/中华门,9.3,9.3,9.2
880,最佳餐厅,南京,88,新战点比萨,瑞金路沿线,9.3,9.2,9.3
881,最佳餐厅,南京,89,飞碟鱼,高淳区,9.3,9.3,9.3
882,最佳餐厅,南京,90,鱼客,新街口地区,9.3,9.1,9.3
883,最佳餐厅,南京,91,金汇大酒店自助餐厅,常府街/长白街,9.2,9.2,9.3
884,最佳餐厅,南京,92,大渝火锅,安德门/小行,9.3,9.3,9.3
885,最佳餐厅,南京,93,小尚轩韩国料理,大厂,9.3,9.2,9.3
886,最佳餐厅,南京,94,那丝家的店,玄武区,9.2,9.2,9.3
887,最佳餐厅,南京,95,小米鱼市,尧化门,9.2,9.3,9.2
888,最佳餐厅,南京,96,长野料理,仙林大学城,9.2,9.3,9.3
889,最佳餐厅,南京,97,海鲨湾海鲜会馆,南京国际博览中心/元通,9.3,9.2,9.2
890,最佳餐厅,南京,98,湖庭壹品鸭王,湖南路,9.3,9.2,9.2
891,最佳餐厅,南京,99,KISS CAKE私家甜品定制,江宁万达,9.2,9.2,9.3
892,最佳餐厅,南京,100,诱色鱼,夫子庙地区,9.2,9.3,9.3
893,最佳餐厅,南京,101,香山湖人家,江浦,9.2,9.3,9.2
894,最佳餐厅,南京,102,金氏韩国料理,珠江路沿线,9.3,9.3,9.3
895,最佳餐厅,南京,103,一鼎鲜.海货工场,建邺万达,9.2,9.2,9.3
896,最佳餐厅,南京,104,极焱炭火烧肉,新街口地区,9.2,9.3,9.3
897,最佳餐厅,南京,105,意鱼井上精品料理,新街口地区,9.2,9.3,9.3
898,最佳餐厅,南京,106,嘟小白,瑞金路沿线,9.2,9.2,9.2
899,最佳餐厅,南京,107,大蔬无界,新街口地区,9.2,9.4,9.4
900,最佳餐厅,南京,108,贝紫Style手机西点主题吧,珠江路沿线,9.3,9.3,9.3
901,最佳餐厅,南京,109,西贝莜面村,湖南路,9.2,9.3,9.3
902,最佳餐厅,南京,110,乡村小居,汤山镇,9.3,9.1,9.2
903,最佳餐厅,南京,111,正韩道,建邺万达,9.2,9.2,9.2
904,最佳餐厅,南京,112,闻香阁蜜辣龙虾,新街口地区,9.3,9.2,9.2
905,最佳餐厅,南京,113,探鱼,弘阳广场/新一城,9.2,9.3,9.2
906,最佳餐厅,南京,114,咸亨酒店,新街口地区,9.2,9.2,9.2
907,最佳餐厅,南京,115,小辣江湖漫水货主题餐厅,新街口地区,9.2,9.2,9.2
908,最佳餐厅,南京,116,羊大鲜蝎子王大个子龙虾,东山镇,9.3,9.1,9.3
909,最佳餐厅,南京,117,德天肥牛海鲜火锅,殷巷,9.3,9.3,9.2
910,最佳餐厅,南京,118,紫滇源云南生态菜,珠江路沿线,9.2,9.1,9.3
911,最佳餐厅,南京,119,大卫厨房,草场门/龙江,9.2,9.3,9.3
912,最佳餐厅,南京,120,博宁蓝餐吧,建邺万达,9.2,9.2,9.2
913,最佳餐厅,南京,121,和膳日式料理,仙鹤门新天地广场,9.2,9.2,9.3
914,最佳餐厅,南京,122,美丽心情休闲餐厅,奥体中心,9.2,9.3,9.2
915,最佳餐厅,南京,123,和日本料理铁板烧,东山镇,9.2,9.3,9.2
916,最佳餐厅,南京,124,五福鲜味坊,紫荆广场,9.3,9.1,9.2
917,最佳餐厅,南京,125,啖三花串串香,栖霞区,9.2,9.2,9.2
918,最佳餐厅,南京,126,冇有猫烤鱼专家,升州路/集庆路,9.3,9.2,9.2
919,最佳餐厅,南京,127,和食佬风味餐厅,新街口地区,9.2,9.2,9.2
920,最佳餐厅,南京,128,石窖治野果木窖烤披萨面包餐厅,草场门/龙江,9.2,9.2,9.1
921,最佳餐厅,南京,129,喵星人咖啡店,莫愁湖/水西门,9.2,9.3,9.2
922,最佳餐厅,南京,130,爱尚鱼,托乐嘉,9.2,9.1,9.3
923,最佳餐厅,南京,131,楼兰新疆主题餐厅,新街口地区,9.2,9.3,9.2
924,最佳餐厅,南京,132,花津浦,环宇城,9.2,9.2,9.2
925,最佳餐厅,南京,133,威廉的太妃糖,三牌楼,9.2,9.3,9.3
926,最佳餐厅,南京,134,吉寿司,广成,9.2,9.3,9.3
927,最佳餐厅,南京,135,吉宗刺身,新街口地区,9.2,9.2,9.3
928,最佳餐厅,南京,136,金年任韩国料理,步行街,9.2,9.2,9.2
929,最佳餐厅,南京,137,小尾羊温都戈鲜羊肉火锅,草场门/龙江,9.2,9.3,9.2
930,最佳餐厅,南京,138,马瑟诺休闲西餐厅,升州路/集庆路,9.2,9.3,9.2
931,最佳餐厅,南京,139,伊人锅,新街口地区,9.2,9.3,9.3
932,最佳餐厅,南京,140,王子牛蛙火锅,新街口地区,9.2,9.2,9.3
933,最佳餐厅,南京,141,Double Face宝吉祥音乐啤酒餐吧,草场门/龙江,9.2,9.3,9.2
934,最佳餐厅,南京,142,糊世刺身,夫子庙地区,9.3,9.2,9.2
935,最佳餐厅,南京,143,陈记潮汕卤水馆,珠江路沿线,9.2,9.1,9.2
936,最佳餐厅,南京,144,探鱼,草场门/龙江,9.2,9.3,9.2
937,最佳餐厅,南京,145,W.tender Whisky&Cocktail,新街口地区,9.2,9.3,9.2
938,最佳餐厅,南京,146,珍味家常菜馆,汤山镇,9.2,9.1,9.2
939,最佳餐厅,南京,147,鱼铺,珠江路沿线,9.2,9.1,9.2
940,最佳餐厅,南京,148,海底捞火锅,东山镇,9.2,9.2,9.3
941,最佳餐厅,南京,149,中心大酒店·本味鱼皇餐厅,新街口地区,9.2,9.3,9.3
942,最佳餐厅,南京,150,陈华勇麻辣烫,莫愁湖/水西门,9.2,9.2,9.2
943,最佳餐厅,南京,151,愛果梦,仙林大学城,9.2,9.2,9.2
944,最佳餐厅,南京,152,海鲨湾海鲜会馆,新街口地区,9.3,9.1,9.2
945,最佳餐厅,南京,153,君煌大酒店,栖霞街道,9.2,9.2,9.2
946,最佳餐厅,南京,154,鱼锅锅泉水活鱼火锅,江宁万达,9.2,9.3,9.3
947,最佳餐厅,南京,155,渡口 烤肉&石锅饭,老浦口1914,9.2,9.3,9.2
948,最佳餐厅,南京,156,大渔日本料理,新街口地区,9.2,9.3,9.2
949,最佳餐厅,南京,157,Lucky&Bar,新街口地区,9.2,9.3,9.3
950,最佳餐厅,南京,158,燕遇燕窝餐厅,新街口地区,9.2,9.2,9.2
951,最佳餐厅,南京,159,秀贤与恩熙,建邺万达,9.2,9.3,9.2
952,最佳餐厅,南京,160,璞麟铁板烧,紫荆广场,9.3,9.4,9.3
953,最佳餐厅,南京,161,鱼会海鲜大排档,夫子庙地区,9.2,9.2,9.2
954,最佳餐厅,南京,162,君之蕙日式料理,瑞金路沿线,9.2,9.3,9.2
955,最佳餐厅,南京,163,鱼舟渔铺,大桥南路,9.2,9.1,9.2
956,最佳餐厅,南京,164,human coffee,南大/南师大,9.2,9.2,9.2
957,最佳餐厅,南京,165,签到串串香,大学城,9.2,9.1,9.2
958,最佳餐厅,南京,166,邓丽君音乐主题餐厅,珠江路沿线,9.1,9.3,9.2
959,最佳餐厅,南京,167,清尚料理,新街口地区,9.2,9.1,9.3
960,最佳餐厅,南京,168,多喜渔市日本料理,珠江路沿线,9.2,9.3,9.3
961,最佳餐厅,南京,169,麻辣盛艳,常府街/长白街,9.2,9.2,9.2
962,最佳餐厅,南京,170,肉尝烤肉料理,新街口地区,9.1,9.0,9.0
963,最佳餐厅,南京,171,popeye 80’炸鸡&啤酒主题餐厅,新街口地区,9.2,9.3,9.2
964,最佳餐厅,南京,172,麦部落,草场门/龙江,9.2,9.2,9.2
965,最佳餐厅,南京,173,重庆巴巴烫火锅,草场门/龙江,9.3,9.0,9.1
966,最佳餐厅,南京,174,汤山鸿鑫农院,汤山镇,9.1,8.7,9.1
967,最佳餐厅,南京,175,鱼留唇,秦虹村/中华门,9.2,9.0,9.1
968,最佳餐厅,南京,176,EZ5音乐餐吧,莫愁湖/水西门,9.1,9.2,9.2
969,最佳餐厅,南京,177,木子料理,珠江路沿线,9.2,9.2,9.3
970,最佳餐厅,南京,178,花开如云 熔岩石鱼,玄武区,9.1,9.4,9.4
971,最佳餐厅,南京,179,一郎の料理,南大/南师大,9.2,9.2,9.4
972,最佳餐厅,南京,180,蟹之诱干锅传奇,莫愁湖/水西门,9.2,9.2,9.2
973,最佳餐厅,南京,181,蒸汽食代•云南蒸汽石锅鱼,瑞金路沿线,9.2,9.2,9.3
974,最佳餐厅,南京,182,一浦小店韩式新派烤肉,秦淮区,9.2,9.2,9.2
975,最佳餐厅,南京,183,宝莱纳啤酒花园餐厅,南大/南师大,9.1,9.2,9.2
976,最佳餐厅,南京,184,小名堂麻辣料理,新街口地区,9.2,9.2,9.2
977,最佳餐厅,南京,185,一品麻辣香锅,金浦购物中心,9.2,9.2,9.3
978,最佳餐厅,南京,186,文泉记澳门茶餐厅,珠江路沿线,9.2,9.2,9.2
979,最佳餐厅,南京,187,老爷锅,夫子庙地区,9.1,9.2,9.3
980,最佳餐厅,南京,188,香木香羊烤全羊,江宁区,9.2,9.2,9.2
981,最佳餐厅,南京,189,佬土鹅肠火锅,升州路/集庆路,9.2,9.3,9.3
982,最佳餐厅,南京,190,茗一味臻茶馆,三牌楼,9.2,9.2,9.2
983,最佳餐厅,南京,191,普艾斯餐厅酒吧 POETS Restaurant & Lounge,新街口地区,9.2,9.3,9.2
984,最佳餐厅,南京,192,水林间,紫峰购物广场,9.2,9.2,9.2
985,最佳餐厅,南京,193,勿相忘串串香,夫子庙地区,9.2,9.2,9.2
986,最佳餐厅,南京,194,晋家门,新城市广场,9.2,9.2,9.2
987,最佳餐厅,南京,195,秦府上座客,汤山镇,9.1,9.2,9.3
988,最佳餐厅,南京,196,芙蓉树下·冒菜,建邺万达,9.2,9.1,9.3
989,最佳餐厅,南京,197,一品铁板火锅千秋小厨,常府街/长白街,9.1,9.1,9.1
990,最佳餐厅,南京,198,川禾刺身,瑞金路沿线,9.2,9.3,9.3
991,最佳餐厅,南京,199,松膳日本料理·炭火烤肉,仙林大学城,9.2,9.3,9.3
992,最佳餐厅,南京,200,WILD,新街口地区,9.1,9.3,9.3
993,最佳餐厅,南京,201,花味,草场门/龙江,9.2,9.2,9.2
994,最佳餐厅,南京,202,乐和餐饮,火车站/玄武湖,9.2,9.3,9.2
995,最佳餐厅,南京,203,乐百丽比萨,马群街道,9.2,9.2,9.2
996,最佳餐厅,南京,204,文泉记澳门粥面庄,火车站/玄武湖,9.2,9.2,9.3
997,最佳餐厅,南京,205,满香堂潮汕砂锅粥,南京国际博览中心/元通,9.2,9.2,9.2
998,最佳餐厅,南京,206,三天打鱼,奥体中心,9.2,9.2,9.2
999,最佳餐厅,南京,207,水之惠料理,新街口地区,9.2,9.2,9.2
1000,最佳餐厅,南京,208,座上客,和燕路,9.2,9.2,9.2
1001,最佳餐厅,南京,209,鱼满池,尧化门,9.2,9.2,9.2
1002,最佳餐厅,南京,210,成都娃娃花园餐厅 Garden Restaurant & Lounge,南大/南师大,9.2,9.3,9.2
1003,最佳餐厅,南京,211,本味鱼皇外卖,百家湖,9.2,9.3,9.3
1004,最佳餐厅,南京,212,溜达刺身,夫子庙地区,9.2,9.2,9.2
1005,最佳餐厅,南京,213,唐门老火锅,秦虹村/中华门,9.2,9.2,9.2
1006,最佳餐厅,南京,214,蒋勇家全球海鲜料理,夫子庙地区,9.2,9.2,9.2
1007,最佳餐厅,南京,215,Gelateria d'Orcia 奥尔恰雪糕,夫子庙地区,9.2,9.2,9.2
1008,最佳餐厅,南京,216,三顾冒菜,岔路口,9.2,9.2,9.2
1009,最佳餐厅,南京,217,神奇鲜果奶吧,仙林大学城,9.2,9.2,9.2
1010,最佳餐厅,南京,218,桑泊湖景餐厅,火车站/玄武湖,9.2,9.1,9.2
1011,最佳餐厅,南京,219,仟佰味筒骨世家,新街口地区,9.1,9.1,9.2
1012,最佳餐厅,南京,220,鱼酷活鱼现烤,马群街道,9.2,9.2,9.2
1013,最佳餐厅,南京,221,佰人王串串香火锅,新街口地区,9.2,9.2,9.2
1014,最佳餐厅,南京,222,爱上柠檬鱼,新模范马路,9.2,9.1,9.1
1015,最佳餐厅,南京,223,河下老灶台,湖南路,9.2,9.2,9.2
1016,最佳餐厅,南京,224,厨娘.CN,开发区,9.2,9.2,9.2
1017,最佳餐厅,南京,225,NICE焗,新街口地区,9.2,9.0,9.2
1018,最佳餐厅,南京,226,溢美德云南蒸汽石锅鱼,珠江路沿线,9.2,9.1,9.2
1019,最佳餐厅,南京,227,帕米朵儿新疆小馆,仙鹤门新天地广场,9.2,9.1,9.1
1020,最佳餐厅,南京,228,姐妹饭店,珠江路沿线,9.2,9.1,9.2
1021,最佳餐厅,南京,229,S&P,建邺万达,9.2,9.3,9.2
1022,最佳餐厅,南京,230,这家鱼&鱼羊鲜,新街口地区,9.1,9.2,9.3
1023,最佳餐厅,南京,231,A Cooking Lab烘焙料理实验室,新街口地区,9.2,9.2,9.2
1024,最佳餐厅,南京,232,森林燕山栗,夫子庙地区,9.2,9.1,9.2
1025,最佳餐厅,南京,233,Shawn's Coffee（熊族咖啡）,草场门/龙江,9.2,9.2,9.2
1026,最佳餐厅,南京,234,京学长的日料便当屋,常府街/长白街,9.2,9.1,9.1
1027,最佳餐厅,南京,235,蜀辣九宫格火锅,步行街,9.2,9.2,9.2
1028,最佳餐厅,南京,236,清真安乐园各式锅味火锅店,新街口地区,9.2,9.3,9.2
1029,最佳餐厅,南京,237,玄武饭店中餐厅·彩蝶轩,湖南路,9.2,9.3,9.2
1030,最佳餐厅,南京,238,辣府,新街口地区,9.2,9.2,9.1
1031,最佳餐厅,南京,239,伊达黑船概念料理,新街口地区,9.1,9.2,9.2
1032,最佳餐厅,南京,240,潮串堂,大厂十村,9.2,9.3,9.2
1033,最佳餐厅,南京,241,红杏酒家,南大/南师大,9.2,9.3,9.1
1034,最佳餐厅,南京,242,萌哒哒烤鱼,江浦,9.2,9.2,9.2
1035,最佳餐厅,南京,243,草原印象,尧化门,9.2,9.2,9.1
1036,最佳餐厅,南京,244,猫山王,迈皋桥/和燕路,9.2,9.2,9.3
1037,最佳餐厅,南京,245,活跳ヘ海怪基海鲜火锅,建邺万达,9.2,9.1,9.3
1038,最佳餐厅,南京,246,Sweet云南味道,珠江路沿线,9.1,9.1,9.1